ref	place	authority	date	outcome	label(s) used	primary	secondary	para	verified quote	influence	source	route para	route quote
6006497	Land at Mount Avenue, Chaldon (Caterham edge)	Tandridge	2026-09-25	allowed	Category 1 / Category 2 settlements	C		¶44	several Category 2 settlements as defined in the TDCS including Woldingham (56)	Connectivity scores of Category 2 settlements used as comparators to find the site sustainable; route and transport also assessed; allowed.	pins-corpus/6006497.txt	¶35	certain facilities are within a comfortable walk or cycle and although just over the 800m range at 850m, I am satisfied that future occupants would have a genuine choice of whether to walk or cycle to them
6007104	Land adjacent to Cedar Cottage, Furners Lane, Henfield	Horsham	2026-08-24	allowed	tier 2 settlement	F	A	¶10	Henfield is a ‘tier 2 settlement’	Tier 2 ("reasonable public transport services") plus a bare proximity statement ("close to High Street services, the primary school, and bus stops") is the whole location finding; no footway, lighting or frequency facts; allowed under S5(1)(j). The sentence is copied verbatim from the adjoining 191-home decision 3376143 ¶11, which the appellant attached to its final comments. Application file read 1 Oct 2026 (see appeals-review/site-context-henfield-aston-clinton.md): no Transport Statement; WSCC Highways made no site visit ("DATE OF SITE VISIT: n/a") and gave advice only because Furners Lane is a private road; neither the delegated report nor the Council's appeal statement mentions accessibility, footways, lighting, buses or walking; the applicant's Planning Statement puts the same bus stops at 358 m and at about 900 m. On the ground the village centre is about 450–520 m away along a lit High Street with a half-hourly bus, which probably carries the finding, but nobody tested it. Set aside (code H, 1 Oct 2026): on the decision text this is code A, but the location finding was not made on the tier; it was imported from the adjoining, recent and undelivered 191-home permission (3376143, decided 22 May 2026 under the 2024 Framework for a different site, Charlwood Drive, with a Transport Assessment used for traffic, secured crossings and a pedestrian link), and this site's accessibility rides on that consent.	pins-corpus/6007104.txt		
6007184	Land south of Daws Heath Road, Thundersley	Castle Point	2026-09-14	allowed	most sustainable settlements	C		¶95	Thundersley is identified to be one of the most sustainable settlements in the	"Tier (""most sustainable settlements"") cited with agreed high accessibility; allowed."	pins-corpus/6007184.txt	¶38	There are a range of day-to-day facilities within walking and cycling distance of the appeal site, accessible via the existing pedestrian / cycle network. Bus stops from which services to and from Southend-on-Sea, Hadleigh and Rayleigh, as well as facilities in Thundersley, are within walking distance of the site.
6007272	46 North Trade Road, Battle	Rother	2026-09-17	dismissed	larger settlements (hierarchy)	C		¶36	Battle is one of the larger settlements in the district’s hierarchy	"Location accepted on tier ""as a matter of principle""; dismissed on other grounds."	pins-corpus/6007272.txt	¶47	services and facilities, including schools, are located close by and could likely be reached by sustainable transport modes
6007771	Church View, Wilsthorpe Road, Braceborough	South Kesteven	2026-08-17	dismissed	smaller village	A		¶20	Braceborough is identified as a ‘smaller village’ within the LP Policy SP2 settlement hierarchy	"Tier treated as making the site ""a sustainable location where small infill is supported in principle"" with no route analysis; dismissed on other grounds."	pins-corpus/6007771.txt	—	(none)
6008253	Land East of College Road South, Aston Clinton	Buckinghamshire	2026-09-24	allowed	larger village	C		¶32	Aston Clinton is defined within Policy S3 as a larger village which has reasonable access to facilities and services	Larger Village tier "making it a sustainable location for development" (¶32) is the only location sentence, because the location was common ground ("an agreed accessible location", ¶57); but the route was assessed at application stage (Transport Assessment, highway authority letter) and the decision records off-site highway works "necessary to enhance connectivity to local services and facilities" (¶42), the Green End Street footway concern (¶50) and a travel plan (¶57). Site context (checked 1 Oct 2026, see appeals-review/site-context-henfield-aston-clinton.md): lit 30 mph streets with footways, a supermarket about 800 m and the school about 1 km, but the nearest bus stops are about 840 m away, which the highway authority called "outside of the maximum recommended walking distance" and an "excessive walking distance", answered by a £1,000-per-dwelling bus contribution and a new footway; the mitigation carried the location, not the tier. Recoded A → B on 1 Oct 2026.	pins-corpus/6008253.txt	¶42	I am content that the offsite highway works are necessary to enhance connectivity to local services and facilities
6010196	Land at OS 7540 6621 Stourport Road, Great Witley (4 dwellings)	Malvern Hills	2026-09-18	dismissed	settlement hierarchy (village with services)	A		¶13	Great Witley is identified in the development plan settlement hierarchy as a village	"Tier → ""therefore reasonably accessible to the village’s services"" with no route analysis; dismissed on other grounds."	pins-corpus/6010196.txt	—	(none)
6010848	Land off Cheddington Road, Pitstone	Buckinghamshire	2026-09-18	dismissed	larger village	C		¶17	Pitstone is identified as a larger village within the settlement hierarchy and is	Tier recited as "a relatively sustainable location" (¶17), then a route analysis at ¶20 (footways, street lighting, gentle topography, regular buses) found accordance with TR3 (¶21); dismissed on other grounds (unexecuted SAC obligation).	pins-corpus/6010848.txt	¶20	The surrounding area also benefits from extensive footway provision, street lighting and relatively gentle topography, making active travel a realistic option for future occupiers.
6010973	Cedars Farm, Broadwas	Malvern Hills	2026-09-11	allowed	Category 2 settlement / key services	C		¶9	Broadwas is defined, in Annex B, as a Category 2 settlement as it has at	Category 2 (two key services, daily bus) supported the location and the bus was tested as a genuine alternative; allowed.	pins-corpus/6010973.txt	¶17	the public house, school, recreation field, and bus stops are all within walking distance of the appeal site and there is a doctor's surgery within cycling distance, even if this would only be suitable for competent and confident cyclists
6011093	Land adjacent to 7 & 8 Slade Close, Etwall	South Derbyshire	2026-09-23	allowed	sustainable settlement	C		¶26	in this sustainable settlement location	"""Sustainable settlement"" status used to add weight to 10 homes; allowed."	pins-corpus/6011093.txt	¶6	The main parties agree that the appeal site lies within the settlement boundary of Etwall, that the site occupies a sustainable location
6011103	Land between Rudyard Road and Hot Lane, Biddulph Moor	Staffordshire Moorlands	2026-09-07	allowed	Rural Area Larger Villages	C		¶13	Biddulph Moor is identified as a larger village, under SMLP Policy SS8	"Larger-village tier (""most sustainable settlements in the rural areas"") plus a walked route (footpaths, lighting, one short gap) and buses; allowed."	pins-corpus/6011103.txt	¶19	Routes to these from the appeal site would be along Rudyard Road and Hot Lane, which have footpaths and street lighting, except for a stretch along Hot Lane, which I saw had no footpath.
APP-E3335-W-25-3375062	Land at Great Dunns Close, Beckington	Somerset	2026-09-18	allowed	primary village	C		(case file)	A primary village with walkable shop, school, GP and frequent buses	Primary-village tier with walkable services and frequent buses; allowed with costs.	cases/APP-E3335-W-25-3375062.md	DL ¶26	Beckington has facilities which enables residents to avoid many day to day excursions by car
cheshireeast-25-2053-FUL	Land of the former Knowle House, Sagars Road, Handforth (care home)	Cheshire East	2026-08-19	approved	key services	C		(case file)	The site is clearly within an area that has walkable access to key services	Route evidence (pavements, lighting, Connectivity Tool) not the tier; approved.	cases/cheshireeast-25-2053-FUL.md	report ¶10.56	Sagars Road from the west side of the site entrance has pavements and street lighting. The site is clearly within an area that has walkable access to key services
maldon-26-00066-OUTM	Land rear of 6-108 Mell Road, Tollesbury	Maldon	2026-09-02	approved	larger village	C		(case file)	edge of 'larger village', development on two sides, no gap	Larger-village edge, well related, with Connectivity Tool; approved on casting vote.	cases/maldon-26-00066-OUTM.md	report ¶5.2.21	acknowledge that there would be an element of reliance on private motor vehicle trips which cannot be fully addressed
malvern-M-26-01162-PIP	Land at OS 8339 4949, Upton Road, Callow End (5-9 dwellings PIP)	Malvern Hills	2026-09-14	refused	Category 1 village	C		(case file)	Callow End is a Category 1 village with services and public transport within walking and cycling distance	"Category 1 accepted for accessibility (""would arguably have a choice""); refused on S5(1)(e)."	cases/malvern-M-26-01162-PIP.md	report, Location	The location in terms of its sustainability is essentially well place for most key services and facilities provided in Callow End
stratford-25-00346-OUT	Home Farm, Land off A423, Southam	Stratford-on-Avon	2026-08-26	approved	Main Rural Centre	C		(case file)	adjoins Main Rural Centre Southam; well related and of a scale Southam can accommodate	Main Rural Centre adjacency carried S5(1)(j) well-related/scale; approved (217 homes).	cases/stratford-25-00346-OUT.md	update sheet p.10	A very small part of the site is within the Built Up Area Boundary for Southam – namely the proposed cycle / footway that feeds into Stowe Drive only
stratford-26-01458-FUL	The Barn, Tithe Barn Lane, Earlswood (Hockley Heath)	Stratford-on-Avon	2026-09-03	approved	local service village	A		(case file)	within the BUAB of an identified local service village, I am satisfied that the proposals would be in a sustainable location	SHORTHAND: GB7(1)(g)(iii) passed in one sentence on LSV boundary with no TR3 route analysis; approved.	cases/stratford-26-01458-FUL.md	—	(none)
stratford-26-01764-PIP	Pittern Hill Riding School, Pittern Hill, Kineton	Stratford-on-Avon	2026-08-25	approved	Main Rural Centre	A		(case file)	Kineton is a Main Rural Centre; site outside the BUAB but within walking distance of services	Main Rural Centre plus an asserted walking distance in a one-paragraph cross-check; approved.	cases/stratford-26-01764-PIP.md	—	(none)
westnorthants-WNS-2022-0673-MAF	Land off Beech Lane, Kislingbury (58 dwellings)	West Northamptonshire	2026-09-08	refused	Secondary Service Village A	C		(case file)	adjoins Kislingbury (Secondary Service Village A) with a school, shop, pubs and a regular bus to Northampton	Secondary Service Village with services and bus accepted for S5(1)(j); refused on a stack of harms.	cases/westnorthants-WNS-2022-0673-MAF.md	report ¶8.48	notwithstanding its location beyond the settlement boundary, the site occupies a sustainable location for residential development
6001260	Paddock land adjoining 39a Stone Lane, Lydiard Millicent	Wiltshire	2026-09-14	allowed	settlement hierarchy	D		¶4	Core Policy 1 of the Wiltshire Core Strategy (WCS) establishes the settlement hierarchy	Site outside hierarchy settlements = plan conflict; conflict given very limited weight (Annex A(2)) and scheme allowed on S5(1)(j); location decided on route, not tier.	pins-corpus/6001260.txt		
6004144	Land south of Warren Lane, Hurst Green	Tandridge	2026-09-17	dismissed	category 1 settlement	D		¶18	identified as a category 1 settlement and acknowledged by the Council to be a large built up area	Category 1 status used to characterise Oxted as a large built-up area for grey-belt purpose (a): counted against the site.	pins-corpus/6004144.txt		
6005108	Land west of Little Smiths Farm, Drayton	Vale of White Horse	2026-09-11	allowed	Larger Village / Service Centres	D		¶62	Identifies Drayton as a ‘Larger Village’ within the settlement hierarchy	Larger Village tier limits unallocated development to local needs: conflict found, but outweighed; 249-home allowed on S5(1)(j).	pins-corpus/6005108.txt		
6005150	Stables opposite Manor House, Headley Common Road, Headley	Mole Valley	2026-09-09	dismissed	Tier 5 settlement	D		¶14	identifies Headley as a Tier 5 settlement	"Tier 5 = poor services, ""unsuitable for development""; tier counted squarely against the location."	pins-corpus/6005150.txt		
6005528	Former Gardens to Knells House, The Knells, Carlisle	Cumberland	2026-08-27	dismissed	larger settlements (criterion)	D		¶14	to the larger settlements of Carlisle, Brampton and Longtown	Policy criterion needs services in the village or good access to larger settlements; none in the settlement: against.	pins-corpus/6005528.txt		
6005652	Cud Hill House barn, Upton Hill, Upton St Leonards	Stroud	2026-09-29	dismissed	settlement hierarchy	D	B	¶8	set out the settlement hierarchy for the district	Hierarchy policy (CP2/CP3) conflict plus unlit, unpaved route to the bus: location decided on the route.	pins-corpus/6005652.txt		
6005809	Land north of Spring Hill, Kingston Bagpuize with Southmoor	Vale of White Horse	2026-09-14	allowed	Larger Village / Local Service Centres	D		¶13	KBS is a ‘Larger Village’	Larger Village tier framed the spatial-strategy conflict; restrictive parts found materially inconsistent and given limited weight; allowed.	pins-corpus/6005809.txt		
6005970	Land south of Litcham Road, Mileham	Breckland	2026-09-10	allowed	settlement hierarchy	D		¶6	The Council’s spatial strategy is based on a settlement hierarchy defined in Policy GEN03	Hierarchy (settlements categorised by services) and distance to larger settlements counted against; allowed on balance.	pins-corpus/6005970.txt		
6006289	Land north of Lyndale, Twitty Fee, Danbury	Chelmsford	2026-09-15	dismissed	Key Service Settlement	D	B	¶6	around Key Service Settlements (KSCs) outside the Green Belt	"Site ""a significant distance"" from the KSC: hierarchy counted against. The route failed too: nearest services and bus stop about 850 m via largely unlit, partly single-track lanes without footways."	pins-corpus/6006289.txt		
6006388	Hall Farm, Copt Oak Road, Copt Oak	North West Leicestershire	2026-08-25	dismissed	settlement hierarchy	D		¶6	Policy S2 of the LP sets out the Council’s settlement hierarchy	"Reuse acceptable only ""in accordance with the Settlement Hierarchy""; remote site failed."	pins-corpus/6006388.txt		
6007158	Brishing Court Farm, Brishing Lane, Boughton Monchelsea	Maidstone	2026-09-28	dismissed	rural service centres / larger villages	D		¶22	then rural service centres, then larger villages or even smaller ones	Sequential hierarchy; site beyond any boundary, lowest tier: against.	pins-corpus/6007158.txt		
6007431	Land east of Lower Clicker Close, Clicker, Menheniot	Cornwall	2026-09-10	dismissed	smaller settlements	D		¶15	within or adjoining smaller settlements	Policy 3 support for smaller settlements not met (not rounding off): against.	pins-corpus/6007431.txt		
6007668	Upper Farm, Shut Lane Head, Newcastle-under-Lyme	Newcastle-under-Lyme	2026-09-29	dismissed	Rural Centres	D		¶10	Next there are identified ‘Rural Centres’	Site not in a Rural Centre; cited allowed appeals at Rural Centres distinguished: hierarchy against.	pins-corpus/6007668.txt		
6007772	The Lamb Inn, Lambs Green, Rusper (coach house, two units)	Horsham	2026-09-24	allowed	settlement hierarchy	D		¶7	is not identified within the settlement hierarchy in Policy 3	Unlisted = countryside; conflict noted, conversion allowed anyway.	pins-corpus/6007772.txt		
6008693	The Pigs, Leesthorpe Road, Pickwell	Melton	2026-09-24	dismissed	smaller service centres / rural hubs	D		¶7	then sequentially to smaller service centres and rural hubs	Sequential hierarchy; rural windfall site; against.	pins-corpus/6008693.txt		
6008742	Land adjacent Everglade Farm, Mount Pleasant Lane, Lymington	New Forest National Park Authority	2026-09-07	dismissed	Defined Villages (most sustainable settlements)	D		¶12	the Defined Villages are considered to be the most sustainable settlements in the NFNP	Site outside the Defined Villages (the sustainable tier): against.	pins-corpus/6008742.txt		
6008762	Land north west of Holly Tree Cottage, Howlett End, Wimbish	Uttlesford	2026-09-28	dismissed	smaller village	D		¶8	lists Wimbish as a smaller village	Smaller-village infill policy; site not shown to be within the boundary; against.	pins-corpus/6008762.txt		
6008773	Land adjoining The Ridings, Singleborough	Buckinghamshire	2026-09-29	dismissed	settlement hierarchy (Table 2); Settlement Hierarchy Assessment	D		¶9	Singleborough is not listed within Table 2 and is therefore not where development is directed towards	Unlisted in the hierarchy; the Settlement Hierarchy Assessment scoring was discussed but could not rescue it.	pins-corpus/6008773.txt		
6008848	Beech Grove, Brock Road, Great Eccleston (barn to live/work)	Wyre	2026-09-15	dismissed	settlement hierarchy	D		¶12	LP Policy SP1 establishes the settlement hierarchy for the borough	Outside defined settlements, development strictly limited: against.	pins-corpus/6008848.txt		
6008987	Land south of 2 Leighton Road, Hamerton	Huntingdonshire	2026-09-29	dismissed	smaller settlements	D	B	¶11	for the smaller settlements in the district, Policy LP 9 recognises this	Smaller-settlement tier (restrictive policy) plus two-buses-a-day: against, route decisive.	pins-corpus/6008987.txt		
6009106	Land at Tuttle Farm, Lock Road, North Cotes	East Lindsey	2026-09-30	dismissed	settlement hierarchy	D		¶8	in accordance with the settlement hierarchy	Site outside the settlement: conflict with SP1/SP2.	pins-corpus/6009106.txt		
6009184	Peterstone Lodge, Burnham Road, Burnham Overy Town	King's Lynn and West Norfolk	2026-08-17	dismissed	Tier 6: Smaller Villages and Hamlets	D		¶5	categorises each of these settlements as Tier 6: Smaller Villages	Tier 6 (very limited services); LP02 restrictive: against.	pins-corpus/6009184.txt		
6009367	Carlow House Barn, Woodman Lane, Cowan Bridge	Lancaster	2026-09-03	allowed	settlement hierarchy	D		¶9	a location that is not identified for housing growth within the settlement hierarchy	Conflict with SP2/DM4 noted; allowed anyway.	pins-corpus/6009367.txt		
6009409	Godolphin House Stables, Broughton Lane, Leire	Harborough	2026-09-17	dismissed	settlement hierarchy	D	B	¶7	in accordance with the settlement hierarchy, and development in the countryside will be strictly controlled	Hierarchy conflict; and ¶8: services exist in Leire but the route is unsafe, so walking not realistic.	pins-corpus/6009409.txt		
6009588	Land south of 47 Necton Road (Ashbridge House), Little Dunham	Breckland	2026-09-15	dismissed	settlement hierarchy	D		¶7	the district has a defined settlement hierarchy	Housing outside boundaries restricted: against.	pins-corpus/6009588.txt		
6009691	Land off Shire Lane, Hurst Green (self-build PIP)	Ribble Valley	2026-09-24	dismissed	Principal and Tier 1 settlements	D	B	¶7	directs them first to the strategic sites and Principal and Tier 1 settlements	Site not a Principal/Tier 1 settlement: against. The route failed too: services in Hurst Green within walking distance but the road is unlit with no segregated footway.	pins-corpus/6009691.txt		
6009718	Vyners Estate, Mill Lane, Tidmarsh	West Berkshire	2026-09-04	dismissed	settlement hierarchy	D	B	¶7	The appeal site is not located within a settlement identified in the settlement hierarchy	Unlisted; and the route failed (¶17 per green-belt.md).	pins-corpus/6009718.txt		
6009844	17 Brook Lane, Brookville	King's Lynn and West Norfolk	2026-09-24	dismissed	Tier 6	D		¶8	as within Tier 6 of the Settlement Hierarchy	Tier 6, beyond boundary: LP02 against.	pins-corpus/6009844.txt		
6009849	Adj Grassmere, Horseman Side, Navestock (self-build dwelling in garden)	Brentwood	2026-09-28	allowed	settlement hierarchy	D		¶18	the appeal site does not fall within any of the identified settlements within the hierarchy	Unlisted and remote lanes: conflict found; self-build allowed anyway.	pins-corpus/6009849.txt		
6009990	Land south of Park Farm, Whalley, Wiswell	Ribble Valley	2026-09-25	dismissed	Principal and Tier 1 settlements	D		¶5	directs them first to the strategic sites, Principal and Tier 1 settlements	Not a Principal/Tier 1 settlement: against.	pins-corpus/6009990.txt		
6010260	Land east of Old Shackerley Lane, Albrighton	Shropshire	2026-09-11	dismissed	larger settlements	D		¶22	seek to direct development to the larger settlements of the area	Site outside identified settlements: against.	pins-corpus/6010260.txt		
6010301	Land east of Hockerton Road, Upton	Newark and Sherwood	2026-08-17	dismissed	settlement hierarchy	D		¶8	The Council’s spatial strategy is based upon the settlement hierarchy in Spatial	Hierarchy focuses development where services most accessible; site outside: against.	pins-corpus/6010301.txt		
6010354	Three Acres Farm, The Common, South Creake	King's Lynn and West Norfolk	2026-09-16	dismissed	Tier 5	D		¶9	a rural village in Tier 5 of the Settlement Hierarchy	Tier 5, outside boundary: LP02 against.	pins-corpus/6010354.txt		
6010422	40 Millers Lane, Harpley (self-build dwelling)	King's Lynn and West Norfolk	2026-09-29	dismissed	tier 5 rural village / larger villages	D	B	¶10	Harpley is defined as a tier 5 rural village under Policy LP01	Tier 5 policy against; sustainable modes limited despite short driving distances to larger villages.	pins-corpus/6010422.txt		
6010642	Land adjacent 10 Wren Avenue, Sproston, Crewe (PIP one self-build dwelling)	Cheshire West and Chester	2026-09-28	dismissed	settlement hierarchy	D		¶9	sets out the settlement hierarchy for the district	Not in tiers 1–3; countryside: against.	pins-corpus/6010642.txt		
6010834	Land adjacent to Arcady, Coryates	Dorset	2026-09-18	dismissed	larger settlements / DDBs	D		¶9	the majority of new housing is expected to be accommodated within the larger settlements	Site not in a Defined Development Boundary: against.	pins-corpus/6010834.txt		
6010911	Beechwood House, Willoughby Road, West Willoughby	South Kesteven	2026-09-25	dismissed	settlement hierarchy	D		¶12	West Willoughby is not listed within the settlement hierarchy	Unlisted: against.	pins-corpus/6010911.txt		
6011045	Beech Dene, Kelsick, Abbeytown	Cumberland	2026-09-01	dismissed	settlement hierarchy	D		¶20	concentrated within the towns and villages identified in the	Outside hierarchy settlements: against.	pins-corpus/6011045.txt		
6011217	Four Winds, The Common, Melbourne	South Derbyshire	2026-09-23	allowed	Key Service Village	D	B	¶9	Whilst Melbourne is identified as a Key Service Village, the appeal site lies outside	Key Service Village acknowledged but site outside its boundary: plan conflict found; allowed on other grounds.	pins-corpus/6011217.txt		
6011227	Land west of The Charters, Greatford Road, Uffington (Stamford)	South Kesteven	2026-09-25	dismissed	Smaller Village (fourth tier)	D		¶20	Uffington is categorised as a Smaller Village which is the fourth tier of the	Fourth-tier policy framework; dismissed.	pins-corpus/6011227.txt		
6011585	Wayside Farm, Lower Road, Hough-on-the-Hill (three dwellings, outline)	South Kesteven	2026-09-24	dismissed	Smaller Villages (fourth tier)	D		¶22	Hough-on-the-Hill falls within Smaller Villages	Fourth-tier policy framework; dismissed.	pins-corpus/6011585.txt		
6012304	Land at Hillberry, Dalefords Lane, Marton, Winsford	Cheshire West and Chester	2026-09-28	dismissed	key service centres	D	B	¶6	the hierarchy lists a number of key service centres, which includes the nearby	Site outside any defined settlement, near KSCs: against. The route failed too: 1 km along a 40 mph lane with no footway and long unlit sections; station 3.5 km.	pins-corpus/6012304.txt		
wychavon-W-26-01828-PIP	Cedar Wood, Seaford Lane, Naunton Beauchamp (1 self-build dwelling PIP)	Wychavon	2026-09-14	approved	settlement hierarchy (not listed)	D		(case file)	Naunton Beauchamp is not in the settlement hierarchy (no key services)	Absence from hierarchy and no key services counted against sustainability; approved on extant PIP/self-build.	cases/wychavon-W-26-01828-PIP.md		
6006722	Land off Drake Street, Welland	Malvern Hills	2026-09-28	dismissed	Category 1 settlement	B		¶11	The village is a Category 1 settlement, with a range of services and public transport connections	"Category 1 acknowledged, but site outside the boundary and bus ""very limited""; label did not carry the location."	pins-corpus/6006722.txt	¶12	I crossed the 30mph carriageway and walked along the unlit footpath (on the opposite side of the street) to the village centre
6006900	Land at Rogers Lane, Findon	South Downs National Park Authority	2026-09-18	dismissed	service village	B		¶15	The nearest settlement to the appeal site is Findon which is a service village	"Service village expressly noted and set aside: unlit unpaved lane and A24 crossing = car reliance ""irrespective of the precise distance"" (¶17)."	pins-corpus/6006900.txt	¶15	accessing Findon on foot or by bike from the appeal site would involve going along an unlit, unpaved narrow lane before crossing the Findon Bypass (A24)
6009745	Pine Lodge, Chilworth Drove, Chilworth	Test Valley	2026-08-17	dismissed	Key Service Centre	B		¶7	which is designated as a Key Service Centre containing a range of facilities and services	"Key Service Centre 500 m away acknowledged; unlit single-track lanes with no footway made occupiers ""almost wholly dependent upon the car"". Decided under the December 2024 Framework (transitional, DL ¶11), so not a TR3 decision."	pins-corpus/6009745.txt	¶14	They have no street lighting, and in the main, no footpath.
6009838	Land on north side of Lodge Lane, Bolney	Mid Sussex	2026-09-16	dismissed	medium sized village	B		¶9	Bolney is identified as a medium sized village providing essential services	"Medium village with services acknowledged; S5(1)(j) ""physically well-related"" failed on form/gaps."	pins-corpus/6009838.txt	¶19	Lodge Lane has no separate footways or streetlights and for the most part is subject to the national speed limit. This would deter future occupants of the development from walking along this route to access facilities in Bolney.
6011231	Gravel Farm, 250 Gravel Lane, Banks	West Lancashire	2026-09-15	allowed	Key Sustainable Village	B		¶9	is identified in the LP as a ‘Key Sustainable Village.’	"Key Sustainable Village 1 km away acknowledged; continuous pavement but ""limited access to local services"" still a harm; allowed via another route."	pins-corpus/6011231.txt	¶14	the distance to the nearest services and facilities in Banks would mean that future occupiers of the proposed dwelling would be largely reliant on the private car to meet their day-to-day needs
APP-G2245-C-26-3377906	Land south east of Oaklands, St Clere Hill Road, West Kingsdown	Sevenoaks	2026-09-08	allowed	service village	B		(case file)	narrow lanes, service village, station 3+ miles	Service village noted; remoteness would fail general housing; allowed only via HO12 flexibility for traveller sites.	cases/APP-G2245-C-26-3377906.md	DL ¶18	the site cannot be considered as sustainable in terms of public transport provision
6002168	Mytax Farm, Bourbles Lane, Preesall (sand and gravel quarry)	Lancashire County Council	2026-08-26	dismissed	settlement hierarchy (Urban Town)	E		¶36	all of which are at the top of the Wyre Local Plan settlement hierarchy	Quarry appeal; hierarchy described to locate the market towns; no bearing on decision.	pins-corpus/6002168.txt		
6003588	The Barn, Bull Lane, Tiptree	Colchester	2026-08-17	allowed	sustainable settlement (SP3 hierarchy)	E		¶12	It recognises Tiptree as a sustainable settlement	Plan policy described (SP3 hierarchy treats Tiptree as sustainable); site in countryside; label not the operative reason.	pins-corpus/6003588.txt		
6007348	Home Farm, Main Road, Bevercotes	Bassetlaw	2026-09-16	dismissed	settlement hierarchy	E		¶36	do not share the same characteristics in terms of settlement hierarchy	Used only to distinguish a cited appeal.	pins-corpus/6007348.txt		
6008318	Mollen Farm, Edgarley Road, Glastonbury (Class E commercial units)	Somerset	2026-09-21	allowed	Primary Villages	E		¶7	in the Primary Villages identified in Core Policy 1	Rural-economy policy framework; commercial units; incidental.	pins-corpus/6008318.txt		
6008437	Chy Trygh, Towan Cross, Mount Hawke	Cornwall	2026-09-21	allowed	larger village (definition)	E		¶4	in reasonable proximity to a larger village or town	Policy 3 definition of a settlement; descriptive.	pins-corpus/6008437.txt		
6008548	Land at Polden View, Maunsel Road, North Newton	Somerset	2026-09-21	allowed	Tier 4 settlement	E		¶8	North Newton is identified as a Tier 4 settlement in the Sedgemoor Local Plan	Tier 4 sets which policy applies (T4 supports some housing); location decided on S5(1)(j); allowed.	pins-corpus/6008548.txt		
6008723	Land to the rear of Abbey Gardens, Southport Road, Lydiate	Sefton	2026-09-23	dismissed	Rural Service Centre	E		¶13	identified in the development plan as a Rural Service Centre rather than a town	Used only to distinguish a cited appeal in the grey-belt analysis.	pins-corpus/6008723.txt		
6008883	15 Brethergate, Westwoodside, North Lincolnshire DN9 2AU	North Lincolnshire Council	30 September 2026	allowed	local service provision (CS1)	E		¶15	should take into account levels of local service provision	CS1 rural-settlement criterion; site within development limit; incidental.	pins-corpus/6008883.txt		
6009030	Somerville, Mingoose Vale, Towan Cross, Truro (affordable PIP)	Cornwall	2026-09-30	dismissed	larger settlements (definition)	E		¶10	within reasonable proximity to larger settlements such as Mount Hawke and St Agnes	Settlement-definition reasoning; not a tier.	pins-corpus/6009030.txt		
6009101	Long Barn, 46 Market Square, Witney	West Oxfordshire	2026-09-02	dismissed	main service centre	E		¶18	an additional dwelling in a main service centre would accord with	Tier accordance acknowledged; dismissed on heritage. Duplicate letter of 6009103.	pins-corpus/6009101.txt		
6009103	Long Barn, 46 Market Square, Witney	West Oxfordshire	2026-09-02	dismissed	main service centre	E		¶18	an additional dwelling in a main service centre would accord with	Tier accordance acknowledged; dismissed on heritage.	pins-corpus/6009103.txt		
6009357	Annexe at 8 Longridge Road, Hurst Green	Ribble Valley	2026-09-22	allowed	Tier 2 Village	E		¶5	The appeal site is situated in a Tier 2 Village	Tier sets the applicable policy test (DMG2); annexe allowed.	pins-corpus/6009357.txt		
6009474	Sussex Topiary, Naldretts Lane, Rudgwick	Horsham	2026-09-18	dismissed	settlement hierarchy	E		¶11	in accordance with the settlement hierarchy, whilst maintaining the existing	Strategy described; decided on character.	pins-corpus/6009474.txt		
6009818	Land at Mill Road, Whitfield	West Northamptonshire	2026-09-02	dismissed	settlement hierarchy	E		¶14	Policy SS1 which relates to the settlement hierarchy	Agricultural building; SS1 found not relevant.	pins-corpus/6009818.txt		
6010166	Nectar Haze, Bounds Cross, Pyworthy	Torridge	2026-09-01	dismissed	settlement hierarchy	E		¶4	in accordance with the settlement hierarchy, to achieve an	Strategy described.	pins-corpus/6010166.txt		
6010393	Mulberry House, Middle Street, East Lambrook	Somerset	2026-09-21	dismissed	key services (SS2 criterion)	E		¶6	rural settlements should include two or more key services	SS2 two-key-services criterion met (pub, church); decided on other matters.	pins-corpus/6010393.txt		
6011037	Marton House, 31 West Street, Padiham	Burnley	2026-09-24	dismissed	Key Service Centre	E		¶16	The proposal would deliver a new dwelling within a Key Service Centre	Plan-accordance point acknowledged; dismissed on heritage.	pins-corpus/6011037.txt		
6011301	Land at Doctors Hill, Bournheath	Bromsgrove	2026-09-10	allowed	settlement hierarchy (large/small settlements)	E		¶22	Policy BDP2 sets out the settlement hierarchy of the plan area	Hierarchy described; location decided on route and an on-demand bus; allowed.	pins-corpus/6011301.txt		
6014952	Higher Collybeer Farm, Spreyton (B8 storage units)	West Devon	2026-09-23	allowed	settlement hierarchy (employment)	E		¶6	the Council’s settlement hierarchy which seeks to focus new employment towards	Employment hierarchy; storage units; incidental.	pins-corpus/6014952.txt		
maidstone-26-501191-FULL	Mobile home at Wierton Hill Farm, Boughton Monchelsea	Maidstone	2026-08-20	refused	smaller village	E		(case file)	1.6 km from Boughton Monchelsea (smaller village)	Descriptive distance; refused.	cases/maidstone-26-501191-FULL.md		
stratford-26-00918-PIP	Land off Butts Lane, Tanworth-in-Arden	Stratford-on-Avon	2026-09-11	approved	Category 4 village	E		(case file)	a Category 4 village washed over by the West Midlands Green Belt	"Category 4 (lowest) noted; GB7(1)(g)(iii) passed on the officer’s own route view (""villagers cope""); approved."	cases/stratford-26-00918-PIP.md		
stratford-26-01376-FUL	30 Hadrians Walk, Alcester	Stratford-on-Avon	2026-09-17	refused	Main Rural Centre	E		(case file)	Site inside the BUAB of Alcester (Main Rural Centre)	Descriptive; refused on flood risk.	cases/stratford-26-01376-FUL.md		
6002759	Land south of Westwood Heath Road, Burton Green	Warwick	2026-08-18	allowed	—	X		¶9	put additional pressure on local services	"""local services"" generic (infrastructure pressure); no tier."	pins-corpus/6002759.txt		
6003718	The New Inn, Main Road, Totton	New Forest	2026-09-09	allowed	—	X		¶24	undue pressure on local services	generic.	pins-corpus/6003718.txt		
6004809	1029 Oxford Road, Tilehurst, Reading	Reading	2026-09-22	dismissed	—	X		¶39	some local services and facilities exist within a reasonable walking distance	generic.	pins-corpus/6004809.txt		
6005194	35 Denmark Road, Poole (9 flats, outline)	Bournemouth Christchurch and Poole	2026-08-17	dismissed	—	X		¶41	support for local services from future occupiers	generic.	pins-corpus/6005194.txt		
6005325	61 Brackley Square, Woodford Green	Redbridge	2026-08-27	dismissed	—	X		¶26	various other local services and facilities could also	generic.	pins-corpus/6005325.txt		
6005903	Land north of Bishops Lane, west of Willow Bank, Robertsbridge	Rother	2026-09-16	dismissed	—	X		¶33	accessible location in relation to the local services	generic; dismissed on National Landscape.	pins-corpus/6005903.txt		
6005916	Parcel 1643 Middle Piece Lane, Burnett (solar farm)	Bath and North East Somerset	2026-08-19	allowed	—	X		¶13	the larger settlement	plain description (Bath).	pins-corpus/6005916.txt		
6006054	393 Burnley Road, Holme Chapel, Cliviger	Burnley	2026-09-08	dismissed	—	X		¶18	limited contribution to local services	generic.	pins-corpus/6006054.txt		
6006128	Land at Former Ashfield Works, Westgate, Otley	Leeds	2026-09-03	allowed	—	X		¶49	proximity to local services and facilities	generic.	pins-corpus/6006128.txt		
6006224	Land near Fanshawes, Ware Park, Ware	East Hertfordshire	2026-09-28	dismissed	—	X		¶13	the distance to key services	"""key services"" is accessibility-policy wording, not a tier; decided on route."	pins-corpus/6006224.txt		
6006330	Elm Cottage, Further Ford End, Clavering (curtilage listed, LBC)	Uttlesford	2026-09-23	dismissed	—	X		¶19	increase the number of people using local services	generic.	pins-corpus/6006330.txt		
6006475	Land between Copper Lodge and The Cloth Hall, Water Lane, Smarden	Ashford	2026-09-16	dismissed	—	X		¶62	their support of local services and facilities	generic.	pins-corpus/6006475.txt		
6006517	Site I, The Mill, Catteshall Road, Godalming	Waverley	2026-09-21	dismissed	—	X		¶46	future residents making use of local services	generic.	pins-corpus/6006517.txt		
6006629	Land opposite the Full Quart, Bristol Road (A370), Hewish, Puxton	North Somerset	2026-09-22	dismissed	—	X		¶25	reasonably related to local services and facilities	generic.	pins-corpus/6006629.txt		
6006819	Land South of The Street, Furneux Pelham	East Hertfordshire	2026-09-07	dismissed	—	X		¶16	economic and social benefits to local services	generic.	pins-corpus/6006819.txt		
6006985	39 Chalkwell Esplanade, Westcliff-on-Sea	Southend-on-Sea	2026-09-01	dismissed	—	X		¶11	for local services on an ongoing basis	generic.	pins-corpus/6006985.txt		
6007334	Hillcrest, Chalton, Luton (PIP 1-9 dwellings)	Central Bedfordshire	2026-09-15	dismissed	—	X		¶29	support to local services and	generic.	pins-corpus/6007334.txt		
6007416	Land adjacent to Red Lane, Rosudgeon	Cornwall	2026-09-23	dismissed	—	X		¶18	support for local services and facilities in Rosudgeon	generic.	pins-corpus/6007416.txt		
6007474	Plots 13 and 5, Leys Lane, Winterton	North Lincolnshire	2026-09-07	dismissed	—	X		¶35	accessibility to local services	generic; neutral.	pins-corpus/6007474.txt		
6007477	Plots 13 and 5, Leys Lane, Winterton	North Lincolnshire	2026-09-07	dismissed	—	X		¶35	accessibility to local services	duplicate letter of 6007474; generic.	pins-corpus/6007477.txt		
6007619	Eden Grove, 17-51 London Road, Staines-upon-Thames (s73 parking reduction)	Spelthorne	2026-09-25	allowed	—	X		¶18	good access to public transport and local services	generic.	pins-corpus/6007619.txt		
6007620	Eden Grove, 15-51 London Road, Staines-upon-Thames (parking conditions, Appeal B)	Spelthorne	2026-09-25	allowed	—	X		¶18	good access to public transport and local services	duplicate of 6007619; generic.	pins-corpus/6007620.txt		
6007705	Forge Garage, Church Road, Churchill	West Oxfordshire	2026-09-09	allowed	—	X		¶33	the garage is a valued local service	generic.	pins-corpus/6007705.txt		
6007807	Zoar Cottage, 15 Passage Hill, Mylor Bridge	Cornwall	2026-09-23	dismissed	—	X		¶16	support for local services and facilities in Mylor Bridge	generic.	pins-corpus/6007807.txt		
6007836	65A Richmond Wood Road, Bournemouth (8-person HMO)	Bournemouth, Christchurch and Poole	2026-09-29	dismissed	—	X		¶23	accessible to local services and facilities	generic.	pins-corpus/6007836.txt		
6008115	The Barn (opposite Lansdowne House), Fordingbridge	New Forest	2026-09-21	dismissed	—	X		¶31	limited local services	no tier; route decided (lane without pavements).	pins-corpus/6008115.txt		
6008238	Land North of A507, West of A10, Buntingford	East Hertfordshire	2026-09-24	allowed	—	X		¶46	potential to access local services	condition wording.	pins-corpus/6008238.txt		
6008264	Land west of The Cottage, Snakes Lane, Ugley Green	Uttlesford	2026-09-04	allowed	—	X		¶13	larger settlements of Elsenham and Stansted Mountfitchet	plain description; route (buses) assessed; allowed.	pins-corpus/6008264.txt		
6008314	Land off Eastbourne Road, Polegate (Aldi foodstore and care home)	Wealden	2026-09-15	allowed	—	X		¶70	vitality or viability of nearby town or	"retail ""service centres""; not a tier."	pins-corpus/6008314.txt		
6008410	Myrtle Mount, 14 Elm Grove, Hartlepool	Hartlepool	2026-09-17	dismissed	—	X		¶9	well connected to local services and the town centre	generic.	pins-corpus/6008410.txt		
6008646	52 Hugh Road, Coventry	Coventry	2026-09-14	dismissed	—	X		¶13	local services and facilities including a	generic.	pins-corpus/6008646.txt		
6008688	Land adjacent to Farm View Cottage (Frith Manor), Lingfield Road, East Grinstead	Tandridge	2026-09-23	dismissed	—	X		¶14	access local services and facilities	no tier; route decided.	pins-corpus/6008688.txt		
6008707	1 Gould Road, Feltham	Hounslow	2026-09-22	dismissed	—	X		¶10	access to public transport and local services	generic.	pins-corpus/6008707.txt		
6008739	Orchard View, Gallows Green Road, Great Easton	Uttlesford	2026-09-03	dismissed	—	X		¶15	located close to key services and	policy wording; no tier.	pins-corpus/6008739.txt		
6008791	Land west of Old Hall, Watton Road, Colney	South Norfolk	2026-09-29	dismissed	—	X		¶31	to local services and	generic.	pins-corpus/6008791.txt		
6008840	10 Goodminns Estate, Sedgeford	King's Lynn and West Norfolk	2026-09-28	dismissed	—	X		¶26	supporting local services and facilities	generic.	pins-corpus/6008840.txt		
6008864	Land adjacent to 33A Chelford Road, Somerford (PIP, Jodrell Bank WHS)	Cheshire East	2026-09-30	dismissed	—	X		¶10	key services and amenities	policy wording.	pins-corpus/6008864.txt		
6009076	74-76 Coombe Road, New Malden	Kingston upon Thames	2026-09-25	dismissed	—	X		¶18	support local services and facilities	generic.	pins-corpus/6009076.txt		
6009098	White House Farm, Main Street, Ealand	North Lincolnshire	2026-09-15	dismissed	—	X		¶19	local services and	no tier (development limit).	pins-corpus/6009098.txt		
6009127	286 Great North Road, Woodlands, Doncaster	Doncaster	2026-09-21	dismissed	—	X		¶23	would support local services	generic.	pins-corpus/6009127.txt		
6009167	27 Gloucester Road North, Filton (7 C4 HMOs above retained Class E unit)	South Gloucestershire	2026-08-25	allowed	—	X		¶18	well located for access to local services	generic.	pins-corpus/6009167.txt		
6009193	44 South Street, Romford	Havering	2026-08-28	dismissed	—	X		¶8	a key service route	road description.	pins-corpus/6009193.txt		
6009207	46 The Beck, Elford, Tamworth (new dwelling in side garden)	Lichfield	2026-08-17	dismissed	—	X		¶18	support for local service	generic.	pins-corpus/6009207.txt		
6009303	Land adjacent to 50 Middleton Way, Fen Drayton	South Cambridgeshire	2026-09-10	dismissed	—	X		¶16	support local services and	generic; location decided on route/(j).	pins-corpus/6009303.txt		
6009407	Two Oaks, Whitchurch Road (A49), Spurstow	Cheshire East	2026-09-30	dismissed	—	X		¶12	and larger settlements beyond	plain; route (no footway, A49) decided.	pins-corpus/6009407.txt		
6009442	36 St Kildas Road, Harrow	Harrow	2026-08-27	allowed	—	X		¶17	access to local services and facilities	generic.	pins-corpus/6009442.txt		
6009486	Homestead, Liverpool Road, Tarleton	West Lancashire	2026-09-14	allowed	—	X		¶4	the effect on local services	care home; services capacity.	pins-corpus/6009486.txt		
6009545	Land at 38 Ackerman Street, Eaton Socon, St Neots	Huntingdonshire	2026-09-21	dismissed	—	X		¶19	support for local services and facilities	generic.	pins-corpus/6009545.txt		
6009593	Land east of Spring Gardens, Washington	Horsham	2026-09-10	allowed	—	X		¶21	the vitality of local rural services	generic.	pins-corpus/6009593.txt		
6009645	Grandview House, 94 Broad Street, Wood Street (Guildford)	Guildford	2026-09-18	dismissed	—	X		¶12	a limited number of local services and facilities	no tier; route assessed.	pins-corpus/6009645.txt		
6009737	12 Hyde Park Terrace, Leeds (9-bed HMO to 6 flats)	Leeds	2026-09-21	dismissed	—	X		¶25	access to public transport connections and local services	generic.	pins-corpus/6009737.txt		
6009739	Priors Court Farm, Rudge Lane, Beckington	Somerset	2026-09-21	allowed	—	X		¶22	to local services and facilities	generic.	pins-corpus/6009739.txt		
6009966	Chedworth, Coopers Hill Road, South Nutfield	Tandridge	2026-09-18	dismissed	—	X		¶28	the site to local services and facilities	no tier; route decided.	pins-corpus/6009966.txt		
6009985	Plot 1, F I M Renewable Energy Farm, Mill Lane, Kirtlington	Cherwell	2026-09-21	dismissed	—	X		¶14	the limited local services	no tier; car-dependence on route.	pins-corpus/6009985.txt		
6010090	Idson Farm, Idson Lane, Stogursey	Somerset	2026-09-18	dismissed	—	X		¶17	supporting local services and	generic.	pins-corpus/6010090.txt		
6010097	Pound Scots, Chinnor Road, Bledlow Ridge (self-build dwelling in listed building's garden)	Buckinghamshire	2026-09-30	dismissed	—	X		¶12	support for local services	generic.	pins-corpus/6010097.txt		
6010238	225 Faversham Road, Kennington, Ashford	Ashford	2026-09-15	dismissed	—	X		¶12	places a burden on local services	generic.	pins-corpus/6010238.txt		
6010253	Land adjacent Langley Cricket Club, Cock Hall Lane, Langley, Macclesfield (PIP one dwelling)	Cheshire East	2026-09-28	dismissed	—	X		¶31	key services and amenities	policy wording.	pins-corpus/6010253.txt		
6010397	41a Liverpool Road, Birkdale, Southport	Sefton	2026-09-01	allowed	—	X		¶15	accessibility of the location to public	generic.	pins-corpus/6010397.txt		
6010430	Regency House, 65 New Bridge Street, Leicester	Leicester	2026-08-21	dismissed	—	X		¶20	deliver a valuable local service	generic.	pins-corpus/6010430.txt		
6010440	Land South West Of Chalets Percy Wood Golf Club And Country Retreat, Coast		24 September 2026	allowed	—	X		¶12	not heavily supported by local services	generic (holiday chalets).	pins-corpus/6010440.txt		
6010442	Land west of Pits Mingle Bungalow, Tregoss Moor, Roche	Cornwall	2026-09-14	dismissed	—	X		¶14	walking to the local services	no tier; route (A391 roundabout) decided.	pins-corpus/6010442.txt		
6010471	Land south of Coppice Road, Higher Poynton	Cheshire East	2026-09-21	allowed	—	X		¶33	these local services would be	services capacity.	pins-corpus/6010471.txt		
6010739	St Barnabas Church, St Barnabas Close, Hereford (church to 52-bed care home)	Herefordshire	2026-09-03	allowed	—	X		¶10	the lack of local services and facilities in rural areas	generic.	pins-corpus/6010739.txt		
6010836	19 St Michaels Road, Newquay	Cornwall	2026-09-15	dismissed	—	X		¶31	support of local services and	generic.	pins-corpus/6010836.txt		
6010851	12 Belfairs Drive, Chadwell Heath	Redbridge	2026-08-17	allowed	—	X		¶6	good access to local services and facilities	generic.	pins-corpus/6010851.txt		
6010861	59 Luncies Road, Basildon	Basildon	2026-09-02	allowed	—	X		¶8	well-connected to local services	generic.	pins-corpus/6010861.txt		
6010934	Land off Pickworth Road, Great Casterton (HO11(e) earth-sheltered house)	Rutland	2026-09-30	dismissed	—	X		¶10	the much larger settlement of Stamford	plain.	pins-corpus/6010934.txt		
6010946	38 Highfield Road, Nottingham	Nottingham	2026-09-17	dismissed	—	X		¶13	the viability of local services	generic.	pins-corpus/6010946.txt		
6010986	Hillcott, Duffield Lane, Newborough	East Staffordshire	2026-08-19	dismissed	—	X		¶7	pedestrian route to local services and facilities	no tier; route decided.	pins-corpus/6010986.txt		
6011079	Moonshine Meadow, Cuckfield Road, Ansty	Mid Sussex	2026-09-10	dismissed	—	X		¶5	health and other local services	generic.	pins-corpus/6011079.txt		
6011235	132 Cock Bank, Turves (barn to self-build bungalow)	Fenland	2026-09-23	dismissed	—	X		¶24	support for local services and facilities would	generic.	pins-corpus/6011235.txt		
6011253	Land adjacent 8 Bedford Road, Cople	Bedford	2026-09-14	allowed	—	X		¶25	support for local services and	generic.	pins-corpus/6011253.txt		
6011431	Land adjacent to Waterloo Court Health and Wellbeing Hub, Waterloo Cross, Uffculme	Mid Devon	2026-09-23	dismissed	—	X		¶18	support travel to larger settlements	plain.	pins-corpus/6011431.txt		
6011694	Honeysuckle Bottom Sawmill, East Horsley	Guildford	2026-09-21	allowed	—	X		¶11	access to local services and facilities and	no tier; location found unsuitable; allowed on fallback.	pins-corpus/6011694.txt		
6011872	Land adjacent to 16 Mill Road, Fen Drayton	South Cambridgeshire	2026-09-15	dismissed	—	X		¶21	support local services and	generic.	pins-corpus/6011872.txt		
6012151	Outside 118 Mile End Road, Tower Hamlets (BT Street Hub replacing InLink)	Tower Hamlets	2026-09-10	allowed	—	X		¶26	access local services and facilities along the street	street hub; duplicate of 6012153.	pins-corpus/6012151.txt		
6012153	Outside 118 Mile End Road, Tower Hamlets (BT Street Hub replacing InLink)	Tower Hamlets	2026-09-10	allowed	—	X		¶26	access local services and facilities along the street	street hub.	pins-corpus/6012153.txt		
6012437	131-133 St Helens Street, Ipswich	Ipswich	2026-09-18	allowed	—	X		¶25	proximity to local services and public	generic.	pins-corpus/6012437.txt		
6012481	Well Hill Nursery, Fountain Farm, Firmingers Road, Orpington	Sevenoaks	2026-09-22	dismissed	—	X		¶46	capacity of local services such as	generic.	pins-corpus/6012481.txt		
6000903	Kilcummer Barn, Tregeath Lane, Trewarmett, Tintagel	Cornwall	2026-08-25	dismissed	—	X		¶7	suitable access to local services and facilities	"""local services"" generic; no tier; location decided on the route."	pins-corpus/6000903.txt		
6005788	Heyrod Fold, John Street, Stalybridge (one dwelling)	Tameside	2026-08-17	dismissed	—	X		¶13	future occupiers would utilise local services	generic.	pins-corpus/6005788.txt		
6006950	Land off Middlebridge Road, Gringley-on-the-Hill	Bassetlaw	2026-09-22	dismissed	—	X		¶45	longer-term support for local services, facilities and supply chains	generic.	pins-corpus/6006950.txt		
6007179	Land opposite Camel Valley Cottages, Dunmere Road, Bodmin	Cornwall	2026-08-17	dismissed	—	X		¶8	public transport links to surrounding larger settlements	plain description.	pins-corpus/6007179.txt		
6007704	Cross Gaits Inn, Beverley Road, Blacko (pub to dwelling, planning appeal)	Pendle	2026-10-02	allowed	—	X		¶39	support local services and facilities in nearby villages and towns	generic.	pins-corpus/6007704.txt		
6007757	Cross Gaits Inn, Beverley Road, Blacko (pub to dwelling, listed building consent)	Pendle	2026-10-02	allowed	—	X		¶39	support local services and facilities in nearby villages and towns	generic.	pins-corpus/6007757.txt		
6008432	Cornish Marquees, Higher Trevellas, St Agnes (PIP, two dwellings)	Cornwall	2026-10-02	dismissed	—	X		¶29	ongoing spending and support for local services	generic.	pins-corpus/6008432.txt		
6009135	6 and 6a Fairview Road, Wednesfield, Wolverhampton	Wolverhampton	2026-10-01	dismissed	—	X		heading before ¶25	Impact on local services	"""local services"" is the loss of a shop unit; no tier."	pins-corpus/6009135.txt		
6009245	67 Main Street, Bushby (replacement dwelling in conservation area)	Harborough	2026-10-02	dismissed	—	X		¶12	a more efficient and updated home in a sustainable village	"Claimed benefit described as a ""sustainable village location""; no tier referenced; conservation area appeal."	pins-corpus/6009245.txt		
6010376	Former Hull Grammar School and Community Centre, Cottingham Road, Hull	Kingston upon Hull	2026-10-01	dismissed	—	X		¶63	support for local services, shops, and facilities	generic.	pins-corpus/6010376.txt		
6011365	Land off Long Lane, Fowlmere (PIP, up to 7 self-build homes)	South Cambridgeshire	2026-10-02	dismissed	—	X		¶21	demand for local services and facilities from future occupiers	generic.	pins-corpus/6011365.txt		
6011882	Merienda, Greenhill Road, Elton (replacement dwelling)	Huntingdonshire	2026-09-25	dismissed	—	X		¶25	provide limited support to local services	generic.	pins-corpus/6011882.txt		
6012985	Land on road from Frost Cross to Oldborough Cross, Morchard Bishop	Mid Devon	2026-09-23	dismissed	—	X		¶21	ongoing spending and support for local services	generic.	pins-corpus/6012985.txt		
6013651	69 Wellingborough Road, Rushden (HMO frontage parking, s73)	North Northamptonshire	2026-09-30	allowed	—	X		¶11	within walking distance of local services, facilities and bus services within Rushden	plain description; no tier.	pins-corpus/6013651.txt		
6004385	Land at Harlestone Road/York Way, Northampton	West Northamptonshire	2026-09-07	allowed	rural settlement hierarchy (Policy R1)	D		¶28	within rural areas, development will be guided by a rural settlement hierarchy	Site beyond any village confines = conflict with Policy R1; location found accessible on the route (hourly bus, footways, facilities 0.8 to 2 km away); allowed.	pins-corpus/6004385.txt	¶39	there is a genuine choice of travel modes to access services within the locality
6005328	Land opposite Rose Meadow, Carnkie, Helston	Cornwall	2026-09-07	allowed	smaller settlements	D		¶11	within or adjoining smaller settlements	Policy 3 support for development at smaller settlements not met: against; conflict given moderate weight and permission in principle granted.	pins-corpus/6005328.txt		
6007133	Land at Brock, Garstang Road (A6), Bilsborrow	Wyre	2026-09-25	dismissed	Main Rural Settlements (settlement hierarchy)	D		¶28	Bilsborrow is identified as one of ten ‘Main Rural Settlements’ within the settlement hierarchy established by the LP Policy SP1	Scheme larger than the employment growth planned across the whole tier, and outside the settlement boundary: against; dismissed.	pins-corpus/6007133.txt		
6007466	Land at Penstraze, Chacewater	Cornwall	2026-09-08	dismissed	smaller settlements	D		¶7	within or adjoining smaller settlements	Policy 3 support for development at smaller settlements not met and site outside the neighbourhood plan boundaries: against; dismissed on World Heritage Site harm.	pins-corpus/6007466.txt	¶15	occupants of the development would not be within easy walking distance of the services necessary for everyday life
6008804	Overs Farm, Haughton, Tasley, Bridgnorth (wigwam cabins)	Shropshire	2026-09-23	dismissed	community hubs and community clusters (Policy CS1)	D	B	¶4	in rural areas, development will be located predominantly in community hubs and community clusters	Site outside the hubs and clusters: against. The route failed too: narrow lane to Bridgnorth with no footpaths or street lighting; dismissed.	pins-corpus/6008804.txt	¶7	access to Bridgenorth is via a narrow country lane with no footpaths or street lighting
6008915	Land north of Claypole Equestrian, Doddington Lane, Claypole	South Kesteven	2026-09-29	dismissed	sustainable settlements	D		¶4	seek to direct development towards sustainable settlements and strictly control development within the countryside	Site outside the settlement boundary of Claypole: against (self-storage containers); dismissed.	pins-corpus/6008915.txt		
6008970	Outmarsh Farm, Semington (temporary rural worker caravan)	Wiltshire	2026-09-23	dismissed	settlement hierarchy	D		¶7	sets out the settlement strategy and identifies a settlement hierarchy where new development will be directed	Site beyond the settlement boundary of Semington, so open countryside: against (temporary rural worker caravan); dismissed.	pins-corpus/6008970.txt		
6009255	The Orchard, Charley Road, Charley (garage conversion to a self-build dwelling)	North West Leicestershire	2026-10-02	allowed	hamlet (bottom of the settlement hierarchy)	D	B	¶6	the site aligns with the definition of a hamlet which sits at the bottom of the settlement hierarchy	Hamlet at the bottom of the hierarchy: against. The route failed too: unlit roads without footways and no public transport nearby; allowed on other grounds.	pins-corpus/6009255.txt	¶10	The surrounding roads are unlit and lack footways and so walking to those settlements would not be convenient.
6009720	Land adjacent to 1 Ninesprings Cottage, Wymondley Road, Hitchin (PIP)	North Hertfordshire	2026-10-01	allowed	settlement hierarchy (Policy SP2)	D		¶7	sets out the district’s settlement hierarchy and spatial distribution for development	Site outside the settlement boundary of Hitchin = conflict with Policy SP2, given limited weight; location passed on the route (bus stops and footpaths); allowed under GB7(1)(g).	pins-corpus/6009720.txt	¶19	There are bus stops and footpaths in close proximity to the site which would be available for use by future occupants to access Hitchin town centre.
6010729	Rosemellyn Fisheries, Roche Road, St Austell (holiday wagons and caravans)	Cornwall	2026-09-08	dismissed	settlement hierarchy (Policy 3)	D	B	¶7	based on a settlement hierarchy of role and function	Site outside any defined settlement: against. The route failed too: no pavements, unlit sections and poor public transport; dismissed.	pins-corpus/6010729.txt	¶11	This route would not be conducive to safe pedestrian use due to the distance involved, lack of pavements and safe refuge, as well as lack of street lighting along sections of the route.
6010826	Land at Main Street, Great Brington	West Northamptonshire	2026-09-22	dismissed	Other Villages (third tier)	D		¶5	Great Brington falls within ‘Other Villages’ which is the third tier of the hierarchy	Third-tier village where development must be within the confines; site held outside them: against; dismissed.	pins-corpus/6010826.txt		
6011337	Land west of Sunnyside, Glentham (three over-55s dwellings)	West Lindsey	2026-10-01	dismissed	small village (Policy S1)	D	B	¶7	LP Policy S1 identifies Glentham as a small village	Small-village tier limits growth to the developed footprint and the site is outside it: against. The route failed too: very few services, bus frequency unknown, low Connectivity Tool score; dismissed.	pins-corpus/6011337.txt	¶25	this site is poorly connected and residents would be likely to rely heavily on the use of private vehicles to access most services
6012202	Happy Hounds Hotel, Back Lane, Weeton (PIP, up to 2 dwellings on kennels site)	Fylde	2026-10-01	allowed	Tier 2 Smaller Rural Settlement	D	B	¶9	Weeton, which is defined as a Tier 2 Smaller Rural Settlement in Strategic Policy S1	Low tier with few services, and the site outside any settlement: against. The route failed too: no continuous lit footpath; allowed as previously developed land under S5(1)(d).	pins-corpus/6012202.txt	¶10	There is no continuous lit footpath to Weeton or the nearest bus stop.
stratford-26-01660-OUT	Land at Windmill Lane, Ladbroke	Stratford-on-Avon	2026-09-24	approved	Category 4 Local Service Village	D		(case file)	Ladbroke is a Category 4 Local Service Village (CS.15) with no neighbourhood plan; the site was held outside its physical confines	Site outside the village’s physical confines = plan conflict, given very limited weight; S5(1)(j) passed and TR3 passed on mixed route findings; approved.	cases/stratford-26-01660-OUT.md	report p.5	There is one local bus service, although the service is infrequent.
6009363	Land at Mushroom Lane, Brigsley (outline, nine dwellings)	North East Lincolnshire	2026-10-01	dismissed	Level 2 Local Service Centre	B		¶15	Waltham, to the north, is a Level 2 Local Service Centre	Local Service Centre next door acknowledged as a benefit, but its services are beyond a reasonable walk along a narrow, unlit footpath; TR3 failed; dismissed.	pins-corpus/6009363.txt	¶15	Whilst proximity to Waltham is a benefit, its services nearly all lie beyond the 1000m isochrone and well beyond a reasonable walking distance.
6010951	Land north of the Bower House, Clatterbury Lane, Clavering	Uttlesford	2026-10-01	dismissed	larger village (settlement hierarchy)	C		¶21	Clavering is classified as a larger village	Tier brings the plan’s presumption within the built area; cited beside route evidence (footway, services under 1 km, bus stops); dismissed on flood risk and biodiversity net gain.	pins-corpus/6010951.txt	¶25	A footway opposite the site provides pedestrian access to a range of services and facilities located both to the north and south.
stratford-26-01894-PIP	Land to the rear of Edoras, Banbury Road, Pillerton Priors	Stratford-on-Avon	2026-09-25	refused	Category 4 Local Service Village	C		(case file)	The level of sustainability is of course not high, as is indicated by its classification as a Category 4 Local Service Village	"Officer found ""a sustainable settlement"" on the tier beside pavements, village facilities and a bus service; refused on character, with no location reason."	cases/stratford-26-01894-PIP.md	report p.9	it is noted that Pillerton Priors is well served by a number of pavements, ensuring occupants can easily walk around the village
6010933	The Little Boatyard, Lime Street, Brightlingsea (timber cabin for light industrial use)	Tendring	2026-10-02	allowed	Settlement Hierarchy (policy wording)	E		¶7	the pattern and scales of growth promoted through the Settlement Hierarchy	Policy wording described; light-industrial cabin decided on character and highway safety; allowed.	pins-corpus/6010933.txt		
stratford-26-01687-FUL	The Old School, Stretton-on-Fosse	Stratford-on-Avon	2026-09-29	approved	all other settlement (lowest tier)	E		(case file)	As the application is within an all other settlement, AS.10 is engaged	Lowest tier noted; the officer applied the Annex B definition of a settlement and S4; approved.	cases/stratford-26-01687-FUL.md		
