case_id	engaged	finding	factors	decisive	other	note
APP-B1550-C-25-3372995	Y	pass	A8=			Grey-belt limb (iii) passed: sustainable location notwithstanding unmade access track; no other factors given.
APP-E3335-W-25-3375062	Y	pass	B1+,C1+,D1+,D2+,G1+,I1+,J4+	B1+,C1+,D2+		Primary village: shop, school, GP, pubs within 5-11 min walk, frequent buses; council permitted no-better-located site nearby.
APP-G2245-C-26-3377906	Y	mixed	A12-,B1-,D5-,E1-,H2+,I1=	H2+		Somewhat remote, station 3+ miles; would fail for general housing but flexibility applied for traveller site via HO12.
APP-P0119-C-26-3378284	B	pass	J6+	J6+		Sustainable location undisputed; council conceded GB7(1)(g)(iii); no factors given.
APP-P0119-C-26-3378286	Y	pass	A1+,C1+,D1+,G1+	A1+,C1+	PPTS para 13 used as the sustainability test[=]	Footways link site to Pilning core with good range of facilities and public transport; not car reliant.
PINS-6000903	Y	fail	A1-,A3-,A12-,B1-,D2-,G1-,H2-	A1-,A3-,D2-		Unlit narrow lanes without footways, two-hourly Mon-Sat bus; holiday visitors as car-dependent as residents.
PINS-6001260	Y	mixed	A1-,A4+,A5+,A6=,B3+,G1-,I1-,J2+,J9+,K4+	A4+,B3+,J2+		Adjoins existing housing, reasonably connected; 43 m carriageway walk acceptable on low speeds/flows; some car reliance weighed against.
PINS-6003001	Y	fail	H1=			Asserted not a sustainable location; one dwelling would not generate significant movement but limb (iii) still failed.
PINS-6003055	B	unclear	D5+			Public transport only listed as a benefit; no location-accessibility assessment; S5(1)(j) well-related met but outweighed.
PINS-6003588	Y	pass	A2+,A3=,A5+,A8+,A11+,B1+,C1+,D1+,F1+,I3+,J4=,J7+	A2+,B1+,J7+		Resurfaced unmade lane, lightly trafficked, bus stop and Tiptree services within 1 km; earlier car-reliance finding overcome.
PINS-6003718	N					
PINS-6004144	Y	pass	A11+,B1+,B2-,C1+,D1+,E1-,F1+,H3+,I1-,J1=	B1+,D1+,F1+		Services within 1.7 km, bus stops 430-530 m, cycling give genuine choice; station route (h) fails on distance.
PINS-6004344	Y	mixed	A1-,A3-,A4-,B1-,C1-,F1-,G1-,H1+	A1-,A3-,H1+		Unlit 40 mph lane, no footway, no walkable services: car-dependent, but weight reduced for single dwelling.
PINS-6004385	Y	pass	A1+,A2=,A7+,A10=,B1=,B3+,D1+,D2+,G1=,I1-,K1+	D1+,D2+,K1+		Hourly bus, nearby stops, adequate A428 footways and new crossing give genuine choice despite 0.8-2 km walks.
PINS-6004496	Y	pass	B3+,G1+			Backland plot on built-up fringe of Thornton, reasonably accessible to village services, not wholly car-reliant.
PINS-6004780	Y	pass	A1-,A3-,B1=,D1+,D2+,F1+,I5-,K1+,K3+	F1+,K1+		Unlit lane without footway, 1.6 km to village, yet convenient cycle route; promised footway to bus stop accepted though unsecured.
PINS-6004899	Y	mixed	A1-,A3-,A4-,D2-,G1-,H1+,H2+,H4+,K5+	H1+,H2+,H4+	travel plan condition refused as unable to reduce car dependency[=]	Car-reliant farmstead accepted: rural business reuse, trips comparable to lawful agricultural use, not significant movement.
PINS-6004909	N					
PINS-6004934	Y	pass	D1+			Bus stops near, so walking and bus realistic for some salon clients; said in parking context only.
PINS-6005108	Y	pass	B1+,C1+,D2+,F1+,I1+,I5+	C1+,D2+		Larger Village; walk/cycle to shop, school, pub, post office; two bus routes; well related under S5(1)(j).
PINS-6005119	Y	fail	B3-	B3-		S5(1)(j) only: open-countryside site not physically well related to a settlement; no accessibility analysis.
PINS-6005150	Y	fail	A3-,A6-,A9-,B1=,B3=,E1-,F1-,G1-,I1-	A3-,A6-,G1-		Tier 5 village 750 m away via narrow unlit inclined lanes; no safe walking or cycling routes; car reliant.
PINS-6005162	Y	pass	B1+,B3+,E2+,H1+,H3+,J1+	H1+,J1+		One dwelling at village edge not significant movement; Connectivity Tool average or above; no walking-route assessment.
PINS-6005194	Y	pass	B1+,D1+,E1+,I3+	B1+		Within 500 m walk of town centre, rail and bus stations; highly sustainable location.
PINS-6005312	Y	pass	B2+,E1+,J8+	B2+,E1+		PTAL 5 and within 800 m of Eltham station justified car-free condition.
PINS-6005328	N					
PINS-6005433	Y	fail	B3-,D1-,D2-,G1-	B3-,D2-		Rural, relatively isolated storage site with no nearby regular public transport; users car-reliant; GB7(1)(g)(iii) failed.
PINS-6005495	Y	fail	A1-,A10-,A11-,A12-,B1-,B3-,D1-,F1-	A1-,B1-,D1-		New-build on narrow lane without footways, distant from bus stops and services; unattractive for walking or cycling.
PINS-6005528	Y	fail	A1-,A3-,A6-,A10-,B1=,C1-,D1-,D2-,F1-,G1-,I1-,I3-	A1-,A3-,A6-		Hamlet without services; 20-minute walk to Houghton lacks footway and lighting; informal twice-weekly bus; car reliance highly likely.
PINS-6005652	Y	fail	A1-,A3-,A6-,A9-,A10-,B1-,B3-,D1-,D2+,G1-,I1-	A1-,A10-,G1-		Services 2 km; hourly bus but uphill walk on unlit road without pavements; occupiers largely car dependent.
PINS-6005664	Y	pass	B1+,B3+,C1+,D1+,E1+,K2+,K3+	B1+,B3+		Settlement-edge site within comfortable walk of town centre, GP, school, buses and station; bus contribution secured.
PINS-6005670	Y	pass	B3+		linked trips in district centre[+]	District centre site accessible by sustainable modes with linked trips; TR3 not named.
PINS-6005809	Y	pass	B1-,B2=,C2+,D1+,D2+,I1-,J5+,K1+,K3+	D2+		Frequent bus to Oxford at site satisfies TR3(1)(a) despite school walk double 800 m; footway upgrades secured.
PINS-6005822	Y	fail	I3-,J8-		out-of-centre retail site[-]	Out-of-centre store at PTAL 2; TR1/TR3 cited as reinforcing town-centre-first conflict; no route analysis.
PINS-6005855	Y	fail	E1=,I3-,J8-	I3-		PTAL 3 fails local PTAL 4 threshold; nearby Underground station argument rejected.
PINS-6005877	Y	pass	A11+,B2=,B3+,C1+,D5+	A11+,B3+		Adjoins built-up area with good pedestrian infrastructure to services; local distance thresholds not all met but tolerated.
PINS-6005903	Y	mixed	E1+,E2-,J6+	J6+		Agreed accessible with genuine modal choice (TR3 pass); S5(1)(h) failed as station not shown well-connected.
PINS-6005916	Y	pass	H1+,H2+,J2+	H2+		Transport considerations of limited significance for land-intensive solar farm with minimal operational traffic; no highway objection.
PINS-6005970	Y	mixed	A1-,A3-,A4-,A5+,A6-,A7=,B1-,B3+,C1=,C2-,D1+,G1-,H1+,I1-,J7+	B3+,D1+,H1+		Not well located and heavily car reliant, but well related to village, bus stop opposite; modest scale tempers harm.
PINS-6006003	Y	pass	A1+,B1+,D1+			One-line (g)(iii) pass on proximity to amenities, services, footpath links and public transport; no route facts.
PINS-6006078	N					
PINS-6006123	Y	fail	A1-,A3-,A6-,B3-,D5-,G1-,I3-	A1-,A3-,A6-		Very poor, unsafe access to services via unlit lanes without footways; outside any settlement; car reliant.
PINS-6006144	Y	pass	D1+,D2+	D1+	sustainable transport corridor[+]	Sustainable transport corridor within walking distance of buses to Poole and Bournemouth; weighed in favour.
PINS-6006181	N					
PINS-6006224	Y	fail	A1-,A3-,A10-,A11-,A12-,B1-,F1-,G3=,H1-,I3-,J1=,J4=	A1-,A3-,B1-		Unlit single-track lane without pavement; distances only to town edges; Connectivity Tool 49 outweighed by route quality.
PINS-6006286	B	pass	J6+	J6+		Council agreed sustainable location for GB7(1)(g)(iii); no factors given.
PINS-6006289	Y	fail	A1-,A3-,A10-,A11-,A12-,B1-,D1-,G1-,I1-,I3-	A1-,A3-,B1-		850 m to services and bus stop via unlit, footway-less lanes; unattractive in dark or bad weather; car-dependent.
PINS-6006388	Y	fail	A1-,A3-,C1-,F1-,G1-,H4=,I1-,I3-,J3-	A1-,A3-,C1-		No services nearby; unlit B-road without footway; walking and cycling unattractive; heavy car reliance; trip-equivalence unevidenced.
PINS-6006497	Y	pass	A9-,B1+,B2=,B3+,C1+,C2-,D1+,D2+,D4+,E1-,F1+,G1=,I1+,J1+,J2+,J4=,J6+,K1+,K2+,K3+,K4+	B1+,C1+,J1+		Genuine choice for local and school trips; gradient to Caterham and bus commuting weak; Connectivity score 52, top local band.
PINS-6006581	Y	pass	B2+,B3+,E1+,E2+,J6+	B3+,E1+		Agreed reasonable walking distance of well-connected Haslemere station; adjoins settlement with access from built-up area; S5(1)(h) met.
PINS-6006617	B	pass				Sustainable location stated only as part of the modest benefit of one dwelling; no factors.
PINS-6006637	Y	fail	A1-,A3-,A4=,A5=,A6-,A8-,A10-,B1-,C1-,D1-,D2-,D4=,E1-,E2-,H1-,I4=,J2-,J3=,J4=,J5=,K3-,K4=	A1-,A3-,A6-	signage, surface markings and road-safety contribution too minor[=]; location does not limit need to travel[-]	Station 350 m away but route unlit, no footway, unsafe; few facilities; station not well-connected; mitigation minor and unsecured.
PINS-6006720	B	pass				Fairly accessible location listed among benefits only.
PINS-6006722	Y	fail	A3-,A4=,A7-,C1+,D1+,D2-,G1-,I1=,J7-	A3-,A7-,D2-		Opposite Category 1 village but walk needs road crossing to unlit footway; very limited weekday buses; car reliant.
PINS-6006761	Y	mixed	A1-,A3-,B1=,D1=,E1=,H1-,H2=	A1-,A3-	E2/E4 support for rural employment re-use offsets conflict[+]	Unlit lane without footway undermines walking and nearby bus/tube; some TR3 conflict, acceptable albeit not ideal.
PINS-6006819	Y	fail	A1-,A3-,A4=,A6-,B1=,B3-,C1=,D1=,F1-,G1-	A1-,A3-,A6-		Village facilities within walking distance but route unlit, no footway, high hedges; car dependent; not suitably related.
PINS-6006832	Y	fail	A1-,A3-,A5-,A6-,B1-,C1-,D2-,F1-,G1-	A1-,A3-,D2-		Zelah 2 km along busy unlit B road without pavements; bus ends early evening; holiday guests car reliant.
PINS-6006893	Y	pass	A11+,B3+,C1+,E1+,F1+	C1+,E1+		Walking and cycling access to town facilities and station given moderate weight as benefit; physically connected to settlement.
PINS-6006900	Y	fail	A1-,A3-,A4-,A7-,A12-,B1=,B3-,F1-,G1-,I1=	A1-,A3-,A7-		Unlit unpaved national-speed-limit lane then A24 crossing; highly car reliant irrespective of distance; not well-related to Findon.
PINS-6006950	Y	fail	A1-,A3-,A4-,A9-,A10-,B1-,B3-,C1-,D1-,G1-,H1-,H4=	A1-,A3-,A4-	appellant family's own willingness to walk the route[=]	Unlit 60 mph footway-less uphill lane to village; car trips for most needs; significant TR3 harm.
PINS-6006961	Y	unclear	A1=,D2=,J2=			Highway authority called location unsustainable (no footways, little public transport); inspector left accessibility undecided, assumed in appellant's favour.
PINS-6007104	Y	pass	B1+,C1+,D1+,I1+,I2=	B1+,C1+		Accessible location close to High Street services, primary school and bus stops; boundary conflict given limited weight.
PINS-6007128	Y	pass	B1+,D1+			Walkable to Poole town centre and bus routes; brief finding, not determinative.
PINS-6007130	B	pass	G1+,J6+			Council conceded sustainable location; inspector calls it fairly sustainable without reliance on private vehicle; no factors given.
PINS-6007133	N					
PINS-6007158	Y	fail	A1-,A3-,A10-,A12-,B3-,D1-,D2-,F1-,G1-,H4=,I1-	A1-,A3-,D2-		Narrow unlit lanes without footpaths; infrequent buses reached via those lanes; car safer and more convenient.
PINS-6007179	Y	fail	A1-,A3-,A4-,A5-,A6-,A10-,D1-,F1-,G1-	A1-,A5-,A6-		Bus stops and Camel Trail reachable only along busy pavement-less road; heavily car reliant.
PINS-6007184	Y	pass	A11+,B1+,C1+,D1+,D2+,F1+,I1+,J6+	J6+		Agreed: day-to-day facilities walkable and cyclable via existing network; bus stops to Southend, Hadleigh, Rayleigh.
PINS-6007272	Y	pass	B1+,C1+,I1+	I1+		Location accepted in principle on the settlement tier; services and schools close by and likely reachable by sustainable modes.
PINS-6007316	B	pass	J6+			Sustainable location agreed between parties (2024 para 155(c)); no factors given.
PINS-6007334	Y	pass	A1+,A3+,B1+,C1+,D1+,D2+,G1+	A1+,A3+,C1+		Lit footway to Chalton a modest distance away with small range of facilities and buses to larger settlements.
PINS-6007335	Y	pass	H1+,H3+,J2+	H1+		Accessibility questioned; no highways objection and no evidence of significant movement relative to rural fringe context.
PINS-6007348	Y	fail	A1-,A3-,A4-,B1-,C1-,D3-,E1-,G1-,I1=,J1-,J4=	A1-,C1-,J1-		Hamlet with no real services; unlit fast roads without footway; no bus evidence; Connectivity Tool 13/100; substantial weight.
PINS-6007352	Y	fail	A1-,A3-,B3-,G1-,G2=,H1=,J6-	A1-,A3-,B3-	pending 295-home scheme might shorten unlit route but not permitted (fn28)[=]	Narrow unlit footway-less lane, separated from Melksham; appellant accepts occupiers would drive; short-trip argument rejected.
PINS-6007416	N					
PINS-6007422	Y	pass	A1=,A3=,A8=,H3+	H3+		Class Q: unlit track/PROW without footway not fatal; unreasonable to preclude rural homes lacking lighting and footways.
PINS-6007428	Y	fail	A1-,A3=,A4-,A5-,A6-,A10-,A12-,B1=,G1-,H1-,J4-,K1-	A1-,A4-,A6-	infill status irrelevant to sustainability[=]	No footway to pedestrian network; walking in 60 mph lane with farm traffic; short distance and partial lighting insufficient.
PINS-6007431	N					
PINS-6007456	N					
PINS-6007466	Y	pass	A1-,A3-,A7-,B1+,D1+,F1+,I1-	B1+,F1+		Relatively sustainable: level segregated cycleway to settlements 1.5 km, bus stop 100 m; eastbound stop needs unlit A390 crossing.
PINS-6007484	Y	pass	A1+,C1+,D1+,F1+,G1=,H3+	H3+		Passed on general statement of footway, services, buses; rural car reliance not unusual; no route facts.
PINS-6007535	Y	pass	H1+,H4+	H1+,H4+		Accessibility not held against scheme: no staff, two deliveries weekly, no greater travel demand than previous use.
PINS-6007590	N					
PINS-6007601	Y	fail	A1-,A3-,A6-,C1-,G1-,I3-	A1-,A3-,C1-		Unlit road without footways, very limited facilities in Okewoodhill; highly car dependent.
PINS-6007619	Y	pass	B1+,D1+,E1+,E2+,G5+,J1+,J5+	J1+		Edge of Staines centre; Connectivity Tool 79-82; walkable station and buses; car club and travel plan justify reduced parking.
PINS-6007620	Y	pass	B1+,C1+,D1+,E1+,E2+,G5+,J1+,J5+	E2+,J1+		Town centre, station and buses walkable; Connectivity Tool 79-82; low car ownership and parking take-up; car club, travel plan.
PINS-6007668	Y	fail	A1-,A3=,A5+,B1-,C1-,D1-,D2-,F1-,I1-,J2=,J4=,K5-	A1-,D2-		Quiet lane walkable but ends at A53 with no footway; bus six a day, no evenings or Sundays.
PINS-6007677	Y	fail	A3-,A4-,A6-,C1=,D2=,F1-,G1-,H4=,I3-,J7-	A3-,A4-,A6-		Unlit fast rural road walked in carriageway to Brenzett; car-dependent dwelling; former commercial use no mitigation.
PINS-6007771	Y	pass	I1+	I1+		Smaller-village tier treated as making the site a sustainable location for small infill; no route analysis; dismissed on design and heritage.
PINS-6007772	Y	mixed	A1-,A2-,A3-,A8-,C1-,E1-,G1-,I1-,I3-,J4=	A1-,A3-,C1-		Heavy car reliance found (no footways, lighting or services) but weighed only as limited plan conflict; allowed.
PINS-6007837	Y	mixed	A1-,A3-,A12-,B1=,H2+	A1-,A3-,H2+		Unlit single-track lane without footway unattractive for walking to village 400 m away; not determinative for traveller site.
PINS-6007883	Y	fail	I3-,J8-	I3-		PTAL 2 so not easily accessible for HMO under local policy HOU04.
PINS-6007924	Y	pass	A1+,B3+,D1+,F1+,J4+	A1+,B3+	adjacent park and ride[+]	Physically well related to Old Sarum via park and ride and pavement link; bus stop and cycle routes nearby.
PINS-6008026	Y	pass	C1+,D5+,F1+			Convenient access to services and public transport plus cycle storage weighed in favour of HMO.
PINS-6008038	N					
PINS-6008062	Y	fail	B3-,G1-,H2=	B3-,G1-		Isolated smallholding, heavily car reliant; saved management trips do not offset residential trips.
PINS-6008115	Y	fail	A1-,A3-,A11-,D2-,G1-	A1-,A3-,G1-		Unlit lane without pavements, limited public transport; car dependent; framed as DP3(2)(d) conflict.
PINS-6008167	B	pass				Sustainable location listed among benefits of one extra home within Ware; no factors given.
PINS-6008177	Y	unclear	A1=		pedestrian access left to technical details stage[=]	Location lacks dedicated pedestrian infrastructure but matter deferred to technical details stage; no location finding.
PINS-6008238	Y	pass	A3+,A7+,A8+,A10=,B1+,B2+,B3+,D2+,F1+,G1+,J1+,K1+,K2+,K3=,K4+	A7+,D2+,K1+	LTN 1/20 cycle guidance not applied as absolute[=]	Services within 2 km; bridges, toucan crossing, lit PROWs and in-site buses give genuine choice despite A10 severance.
PINS-6008253	Y	pass	B1+,B3+,C1+,I1+,J6+,K2+,K3+	C1+,J6+		Agreed accessible location, well located for facilities and services; bus contribution secured; no route test.
PINS-6008264	Y	fail	A11-,D1-,D2-,F1-,G1-,H4+,I3-,J4=	D2-,G1-		Car reliant: twice-daily term-time bus, unattractive walk to other stops; locational harm outweighed overall by extant three-dwelling fallback.
PINS-6008318	N					
PINS-6008337	Y	pass	D1+,E1+			Accessible location counted as a benefit: walking distance of buses and Maidenhead station.
PINS-6008414	N					
PINS-6008432	Y	fail	A1-,A3-,A6-,A10-,B1-,B3-,C1-,D1=,F1-,G1-,I3-,I5-,J4=	A1-,A3-,B1-		Services 2.6-3.4 km away on largely unlit footway-less roads; bus stop 300 m by unlit route; no settlement.
PINS-6008434	Y	fail	A1-,A3-,A4-,A6-,B3-,D1-,D2=,G1-,H1-	A1-,A6-,H1-		Detached yard reached by unlit national-speed lanes without footways; buses not safely reachable; nine homes significant movement.
PINS-6008500	N					
PINS-6008528	Y	fail	A1-,A3-,A7-,B1-,D1-,D3-,E1-,G1-,J1-	A1-,A3-,J1-		No footways or lighting, well separated from village and station, bus not evidenced; Connectivity Tool 25/100; car reliant.
PINS-6008548	Y	pass	B3+,C1+,C2=,G1=,H3+,I1=	B3+		Adjoins Tier 4 village boundary with school, pub, hall; some car reliance not unusual rurally.
PINS-6008569	Y	pass	B1+,B3+,D1+	B1+,B3+		Adjoins housing at Cheltenham edge; primary school easily walkable and buses nearby; S5(1)(j) well-related.
PINS-6008668	N					
PINS-6008679	Y	pass	A1+,A3+,A9+,C1+,C2=,D1+,D2+,F1+,H3+,J4=	A1+,A3+,D1+		Local facilities by level well-lit footways, bus stop 100 m with daytime services; sustainable in semi-rural context.
PINS-6008688	Y	fail	A1+,A2-,A3+,A5-,A11-,B1=,D1+,D2-,E1=,G1-,H3=,J1=,J4=	A2-,A5-,D2-		Finely balanced: lit continuous footway but narrow beside busy road; infrequent buses, none Sundays; no genuinely attractive choice.
PINS-6008693	Y	fail	A1-,A3-,A5-,A6-,B1-,B3-,C1-,D4-,G1-,H1=,H3=,I1-,J7-	A1-,A6-,D4-		Access on narrow busy road without footpath; few facilities; bookable bus only; heavily car reliant despite small scale.
PINS-6008707	Y	fail	B1-,B2-,D3-,I3-,J8-	B1-,D3-	DP3(2)(a) connectivity design principle conflict[-]	PTAL 1b, 1.4 km from town centre, bus routes and frequencies not evidenced; poor accessibility for HMO.
PINS-6008723	Y	pass	C1+,D1+			Good accessibility to services and Southport Road buses counted as benefit; GB7(1)(g)(iii) not reached.
PINS-6008739	Y	fail	A1-,A3-,B1-,D1-,G1-,H1=,I3-,J3-,J4=	A1-,B1-,D1-		Farm shop 1 mile, bus stops over 30 minutes' walk, no evidenced footway or lighting; car reliance weighed heavily.
PINS-6008742	Y	fail	A1-,A3-,A12-,G1-,I1-,I2-	A1-,A3-		Outside defined villages; narrow unlit roads without footways to Sway and Lymington; heavy private vehicle dependence.
PINS-6008745	Y	pass	H4+	H4+		Householder extension held sustainably located in relation to the existing dwelling; no further analysis.
PINS-6008762	N					
PINS-6008773	Y	fail	A1-,A6-,C1-,D2-,G1-,H1=,I1-,J4-	A1-,C1-,D2-		Hamlet with no services, bus two Thursdays a month, no footway; almost total car reliance even for one dwelling.
PINS-6008785	Y	fail	A1-,A3-,A8-,A9-,D3-,D4-	A1-,A8-,D4-		Road beyond village unlit with no footway; alternative uneven steep track; demand-responsive bus with unclear frequency.
PINS-6008791	Y	fail	A1+,A3+,A4=,A7+,B1-,C1-,D2+,I2-,J4-	B1-,C1-		Good footways, lighting, frequent buses, but food shops and primary school beyond convenient walk; local plan conflict.
PINS-6008804	Y	fail	A1-,A3-,A12-,B1-,D3-,G1-,H2=,H3=,I1-,I3-	A1-,A3-,G1-		Narrow unlit lane without footpaths to distant Bridgnorth; visitors car reliant; rural allowance and tourism use no excuse.
PINS-6008848	Y	pass	C3+,H1+,I1-	H1+		Single live/work unit generates little movement, so TR3(1)(a) not principally directed at it; reduced commuting limited benefit.
PINS-6008864	Y	mixed	B1-,B2-,B3+,D1-,E1-,F1=,G1-,G2+,H1+,I3-	B3+,G2+		Beyond local-plan distances, car reliance likely, but short car journey to Congleton so limited harm; well related.
PINS-6008881	N					
PINS-6008915	N					
PINS-6008970	N					
PINS-6008987	Y	mixed	A1-,A3-,B3+,C1-,D2-,F1=,G1-,H3+,I1-,I5+	G1-,H3+		No services, pavements or lighting, two buses a weekday; heavy car reliance but only limited weight given rural/edge context.
PINS-6009011	Y	mixed	A1-,A3-,G1-,H1+,H2+,H4+,I3+	H2+,H4+		Limited footway and lighting, some car reliance, but live/work nature and fallback mean few extra trips; reasonable access.
PINS-6009026	N					
PINS-6009030	Y	pass	A1=,C1-,D1+,D2+,H3+	D2+,H3+		Few services but fairly regular buses; stops easily walked despite no pavement; reduced accessibility expected for rural exception sites.
PINS-6009042	Y	fail	G1-,G2=,G4-	G1-	no sustainable transport opportunities in rural area[-]	Rural site with no sustainable transport options; heavy reliance on car or deliveries despite town a short drive.
PINS-6009106	Y	fail	A1-,A3-,B3-,I1-	A1-,A3-		No footway to village and mostly unlit so site physically detached, countryside location; no express car-reliance finding.
PINS-6009129	N					
PINS-6009132	Y	pass	A1+,B1+,C1+,D1+	B1+,C1+		HO9 access test: local centre 400 m, buses 250 m, schools walkable on footways.
PINS-6009135	Y	pass	B3+,D1+			Urban location within walking distance of bus routes weighed in favour in the balance.
PINS-6009181	Y	fail	B1-,B3-	B1-,B3-		S5(1)(j) well-related test only: cluster 400-500 m from village across fields; no access-to-services reasoning.
PINS-6009184	Y	fail	A1-,A3-,A4-,D1-,D2-,G1-,H4-,I1-,I2-,J4=	G1-,H4-,I2-		Permanent occupiers wholly car reliant: 60 mph unlit road without footway, school-day buses only; contrary to settlement hierarchy.
PINS-6009255	Y	mixed	A1-,A3-,C1-,D1-,F1+,G1-,H1+,H3+,H4+,I1-,I3-,I5=,J4=	H1+,H4+		Poor location, car-reliant, but one-dwelling re-use cannot locate elsewhere; TR3 conflict limited; earlier dismissal superseded.
PINS-6009281	Y	pass	B1+,D1+	B1+,D1+		Bus stops a short walk, High Street within 15 minutes' walk; accessibility weighs moderately in favour.
PINS-6009303	Y	fail	A1-,A3-,A6-,A10-,B1-,B3-,D1-,F1-,G1-,G3=,H3=,J2=	A1-,A3-,B1-		Narrow unlit private road without footway; services 1-1.7 km; bus stops reachable only by cycle; heavily car dependent.
PINS-6009318	B	pass	G1+			Location said to support sustainable movement and limit car travel; moderate-weight benefit; no factors given.
PINS-6009357	Y	pass	A1+,A3+,C1+,D2+,G1+,I1=	A1+,C1+,D2+		Lit footway to village school, pub, cafe and hall; hourly Mon-Sat bus; no heavy car reliance despite no shop.
PINS-6009363	Y	fail	A1=,A2-,A3-,B1-,B2-,B3+,C1-,C2-,D1=,D3-,I1=,J1-	B1-,B2-,D3-		Services beyond 800 m along narrow unlit footpath; no bus frequency evidence; poor Connectivity Tool; adjoins boundary.
PINS-6009367	N					
PINS-6009407	Y	fail	A1-,A3-,A5-,D1-,F1-,G1-,J4-	A1-,A3-,D1-		No continuous footway or lighting on busy A49, no bus within easy walk; car-dependent as previous appeal found.
PINS-6009409	Y	fail	A1-,A3-,A4-,A6-,A12-,B3-,D1-,G1-,H4=,I1-,I2-	A1-,A4-,B3-		Narrow unlit 60 mph lane, no footway, no bus stops within easy walk; separated from Leire; heavily car dependent.
PINS-6009443	Y	fail	A1-,A3-,A4-,B1-,D1-,D2-,H2=,H3=,H5-,J4=	A1-,B1-,D2-		Bude four miles on narrow unlit lanes; three weekday buses from request stops on 60 mph road; rural allowance insufficient.
PINS-6009474	Y	fail	A1-,A3-,B1-,B2-,B3-,C1-,D3-,E1-,G1-,J1-,K5-	A1-,B1-,J1-		Limited facilities beyond 800 m, unlit roads, partial footway, unexplained hail-and-ride bus, no Connectivity Tool evidence.
PINS-6009486	N					
PINS-6009487	B	pass				Good access to services and public transport listed as moderate-weight benefit.
PINS-6009517	B	pass	J6+			Location reasonably sustainable and undisputed; no factors given; appeal failed on access visibility.
PINS-6009588	N					
PINS-6009593	Y	mixed	A7-,B3-,C1+,D1+,D2+,F1-,G1-,G2+,H1+,I5-	C1+,D1+,H1+		Car reliance for most needs but single dwelling, walkable farm shop, close bus stop; moderate harm tolerated.
PINS-6009598	N					
PINS-6009618	Y	fail	A1-,A3-,B1-,C1-,C2-,F1=,G4=,J1-,J4=	A1-,C1-,J1-		Connectivity Tool 6/100; intermittent footways and lighting; pub and church closed; towns miles away; e-bikes and homeworking rejected.
PINS-6009619	Y	mixed	A1-,A3-,A9-,A10-,B1=,C1=,C2-,G1-,H1+,H4+,I3-,J7-	H1+,H4+	carbon emissions materially greater but not significant overall[=]	Walked route unlit, no footway, steep; car reliance likely, but one dwelling and change of use mean no TR3 conflict.
PINS-6009621	Y	fail	A1-,A3-,A10-,F1-,H1-,I5=,J1-,J6-	A1-,A3-,J1-		Undisputed low connectivity on Essex connectivity map; unlit lanes without footways; cumulative car trips; not isolated.
PINS-6009632	Y	pass	A1-,A3-,A4+,D1+,D2+,D4+,G2+,H3+	D1+,G2+,H3+		No footway or lighting to Holsworthy, but short car trips, walkable bus stops, weekday buses, ring-and-ride; acceptable rural connectivity.
PINS-6009645	Y	pass	A1+,A3-,A6+,A7-,A10-,B1+,B3+,C1=,D1+,D4+,H3+	A1+,D4+,H3+		Continuous though unlit footway with one crossing to limited services, plus demand-responsive bus: reasonably sustainable in rural context.
PINS-6009647	N					
PINS-6009691	Y	fail	A1-,A3-,A11-,B1+,B3-,D1-,G1-,I1-	A1-,A3-		Village services within walking distance but lane unlit with no segregated footway; bus needs same walk.
PINS-6009718	Y	fail	A1-,A3-,A6-,A9-,A10-,B1=,B3-,D1-,I1-	A1-,A3-,A6-		Narrow unlit lane with limited footpaths and sharp bends; steep alternative route; unappealing irrespective of distance.
PINS-6009720	Y	pass	A1+,D1+,H1+,I1-	A1+,D1+	missing frontage footway deferred to technical details stage[=]	Bus stops and footpaths in close proximity give access to Hitchin town centre; scale means no significant impact.
PINS-6009739	N					
PINS-6009745	Y	fail	A1-,A3-,A12-,B1-,G1-,I1=,I2-	A1-,A3-,G1-		500 m outside Chilworth via narrow unlit lanes mostly without footpath; almost wholly car dependent; decided under 2024 NPPF.
PINS-6009808	N					
PINS-6009817	N					
PINS-6009837	Y	pass	A1+,A3+,B1+,C1+,D1+,D2+,F1+,G1+,H3=	A1+,D1+		Footpath to Allesley lit for much of length, cycling practicable, nearby buses to Coventry; not wholly car dependent.
PINS-6009838	Y	fail	A1-,A3-,A4-,A6-,A10-,B3-,D1+,D2-,I1=,J4=	A4-,A6-,D2-		Lane with sharp bends, no footway or lights, national speed limit; bus stops 250 m but infrequent; comparators distinguished.
PINS-6009844	Y	fail	A1-,A3-,A4-,B1-,G1-,I1-	A3-,A4-,B1-		Cafe 0.6 miles, shop and school 1.5-1.8 miles along fast unlit B-road without pavement; car dependent.
PINS-6009849	Y	mixed	A1-,A3-,A6-,D2-,F1-,G1-,H5=,I1-,I3=	G1-,I3=		Largely car reliant on unlit pavement-less lanes, but local policy conflict given limited weight; allowed.
PINS-6009919	Y	pass	A1+,A3+,A9+,C1-,C2+,D2=,H3+,J7+	A1+,A3+,H3+		Fobbing has few services and four buses daily, but lit, level pavement to Corringham shops; passes for rural situation.
PINS-6009965	Y	fail	D1-,E1-,G1-,I3-,J3-,J8-	D1-	London context sets higher expectation[-]	PTAL 0; frequent buses 0.4 miles away, significant in London context; evidence on shops deficient; some car reliance.
PINS-6009966	Y	fail	A1-,A3-,A4-,A6-,B1-,D2=,D3-,F1-,H1=,J2=,J4-	A1-,A3-,D3-		800 m to village edge on unlit lanes without continuous footway; hail-and-ride bus unevidenced; small scale no rescue.
PINS-6009985	Y	fail	A1-,A3-,A8-,A10-,B1-,B3-,C1=,D1-,G1-	A1-,A3-,A8-		700 m from Kirtlington via unlit lane without footway and gravel bridlepath; bus stops 1 km; almost entirely car dependent.
PINS-6009990	Y	fail	A1-,A4-,A6-,A7-,A10-,B1=,B3-,D1-,G1-,I1-	A1-,A4-,A7-		Only route is a 70 mph dual carriageway without footways; bus stop needs crossing it; heavy car reliance.
PINS-6009997	Y	pass	D1+,D2+,J6+			Council conceded GB7(1)(g); bus stops 65-155 m with high-frequency service counted as a benefit.
PINS-6010020	Y	mixed	A1-,A3-,A5-,A7=,B1-,B3-,D2+,F1-,G2+,H3+,I5-	D2+,G2+,H3+		Access passed plan policies on short car trips and two-hourly buses; S5(1)(j)(i) failed on distance from settlement.
PINS-6010023	Y	unclear	D1=,E1=,G5=,J2=	G5=		Station 800 m and buses noted, but car-free unsecurable; accessibility arose only within parking and pedestrian-safety refusal.
PINS-6010024	N					
PINS-6010090	Y	fail	B3-,C2-,F1=,G1-,H5=	B3-,G1-	walk/cycle commute to single workplace cannot be secured by condition[=]	Isolated caravan; occupier may walk or cycle to Hinkley but heavily car reliant for everyday services.
PINS-6010155	N					
PINS-6010166	N					
PINS-6010196	Y	pass	I1+	I1+		Village in the settlement hierarchy, so reasonably accessible to its services; no route analysis; dismissed on density.
PINS-6010228	N					
PINS-6010253	Y	fail	A1-,A3-,A4-,A6-,A9-,C2-,D1-,E1-,F1-,G1-,H1=,I3-,J1=,J4=	A1-,A3-,A4-	onward route from village to Macclesfield lit with footways[=]	Unlit footway-less national-speed uphill lane to village bus stop; Connectivity score 25 unexplained; small scale no excuse.
PINS-6010260	Y	fail	A3-,A4-,A12-,F1-,G1-,I1-	A3-,A4-,G1-		Narrow, unlit, national-speed-limit lane; residents unlikely to walk or cycle; highly reliant on private vehicle.
PINS-6010301	Y	fail	A1-,A3-,A10-,A12-,B3-,I1-	A1-,A10-		Open countryside; narrow Hockerton Road lacks footway, limited lighting; not suitable access for all at all times.
PINS-6010313	Y	fail	A1-,A3-,A4-,B1-,B3-,D1-,G1-,H1-	A1-,B3-,D1-		Away from settlements, facilities and buses on unlit 40 mph lane without footways; five homes significant movement in context.
PINS-6010348	Y	mixed	A3-,A6-,B3-,G1-,H4+	A6-,H4+		Narrow unlit lanes mean heavy car reliance; extant conversion fallback reduces but does not remove the locational conflict.
PINS-6010354	Y	mixed	B1-,G1-,H4+,I1-	H4+		1.7 km from village and car-reliant, but one fewer car-dependent home than Class Q fallback, a modest gain.
PINS-6010379	Y	pass	B1+,C1+,D1+,E1+,I3=	B1+		Short walk to shops, buses and Goodmayes station; local town-centre locational criterion breach given limited weight.
PINS-6010393	N					
PINS-6010401	Y	mixed	A1-,A3-,B1-,G1-,H4+	A1-,A3-,H4+		No footpath or lighting to village, car reliant; neutralised by equally car-dependent Class Q fallback.
PINS-6010408	Y	unclear	C1=,D1=,J3-		no comparison with accessibility of alternative premises[=]	13-minute walk to bus stops; no evidence site less car-dependent than alternatives, so no locational advantage shown.
PINS-6010418	Y	fail	A1-,A3-,A6-,A12-,B1-,B3-,F1-,G1-,H3=	A1-,A3-,B1-		Nearest services 5 miles away; narrow road without footpaths or lighting; heavy car reliance; not well related.
PINS-6010422	Y	fail	A1-,A3-,A6-,A10-,A11-,B1=,H1=,H3=,I1-	A1-,A3-		600 m to services on narrow lanes without footway or lighting; one dwelling not significant movement yet moderate harm.
PINS-6010426	N					
PINS-6010440	Y	mixed	C1=,D2=,H2+,K2+	H2+		Residents' concern on lack of services and public transport answered by travel plan and rural nature of tourism use.
PINS-6010442	Y	fail	A1-,A3-,A5-,A7-,B1-,B3-,D1-,F1-,I3-	A1-,A3-,A7-		900 m unlit footway-less walk then unsignalised four-lane A391 crossing; bus stop beyond same crossing.
PINS-6010459	Y	pass	B1+,D1+	B1+		One-sentence (g)(iii) pass: very close to Hildenborough services and bus links; no distances or frequencies.
PINS-6010471	Y	pass	A1+,A3+,A4+,A9-,A11+,B1-,B2+,D2+,F1+,I3+,J1+	A1+,A3+,D2+		Continuous lit 30 mph footway to Poynton, regular buses, Connectivity Tool 52; shops over a mile tolerated.
PINS-6010498	Y	mixed	A1-,A3-,A12-,G1-,G2+,H1+,I5=	G2+,H1+		Unlit lane without pavement, largely car reliant, but few short journeys from one dwelling so very limited harm.
PINS-6010537	Y	pass	C1+,D5+		opportunities for walking to services[+]	One-sentence finding: convenient public transport and walking to a range of services; no route facts given.
PINS-6010578	Y	pass	A1+,A2=,A3=,A6+,A10=,B1+,B2+,B3=,C1+,D1+,D2+,E1+,F1+,G1+,H3+,I3+,J1+,J2=,J4+	A1+,C1+,D2+		Bus stop 391 m with two hourly services, services within 500 m, usable verge-separated footpath; Connectivity score 33 accepted.
PINS-6010637	N					
PINS-6010642	Y	fail	A1-,A4-,A6-,A7-,A10-,B1-,B3-,C1-,D1-,D2=,F1-,I1-,I5=	A1-,A6-,A7-		Hourly bus 400 m away but reached in carriageway of unrestricted lane and uncontrolled A54 crossing.
PINS-6010661	N					
PINS-6010682	N					
PINS-6010706	Y	mixed	A1=,A2+,A5-,A6+,A10-,B1+,H1+,H3+,J4=,J5+,J9+,K1=	A6+,H1+,J5+		Footway condition deleted: wide raised verge usable, existing houses rely on it, one dwelling; not suitable for all users.
PINS-6010710	Y	pass	C1+,D1+,D2+,J8=			Within parking issue: convenience shops and frequent bus to West Croydon nearby despite PTAL 2.
PINS-6010729	Y	fail	A1-,A3-,A4-,A6-,B1-,D2-,G1-,H2=,I1-	A1-,B1-,G1-		Route to Bugle along fast road without pavements, refuge or lighting; poor public transport; rural tourism no trump.
PINS-6010826	Y	pass	B1+,C1+,I1-,I3+			Within walking distance of several services per local policy; noted but not weighed as a benefit.
PINS-6010834	Y	fail	A1-,A3-,A4-,B1-,B3-,C1-,G1-,I1-,I3-	A1-,B1-,C1-	council Flexible Settlements background paper very limited weight[=]	Hamlet with no services; 2.5 km to Portesham on unlit footway-less national-speed lanes; heavily car reliant.
PINS-6010839	Y	mixed	B1+,D2+,F1+,I3-,J8-	B1+,D2+		PTAL 2 fails plan accessibility criterion but slight departure justified: university and shops 800 m, bus every 7.5 minutes.
PINS-6010848	Y	pass	A1+,A3+,A9+,B1+,B3+,D2+,F1+,I1+,I2=	A1+,A3+,D2+		Edge of larger village with footways, lighting, gentle topography, walkable/cyclable services and regular buses; TR3 met.
PINS-6010851	N					
PINS-6010861	B	pass				Access to services found appropriate for children's home under HO9(1); bare statement without factors.
PINS-6010911	Y	pass	A1+,A3-,A10-,B1-,C1+,D2+,F1+,H3+,I1-,I5-	C1+,D2+,H3+		Unlit footway and distant services, but bus, cycling and nearby facilities meet some daily needs; acceptable for rural area.
PINS-6010934	Y	fail	A1-,B3-,G1-	G1-		Isolated dwelling separated from settlement, no connecting footpath; occupants largely reliant on vehicles.
PINS-6010946	Y	pass	D1+,E1+,F1+		adjacent to University[+]	Adjacent to University, bus and tram stops; TR3 accord given limited weight as a benefit.
PINS-6010951	Y	pass	A1+,A3-,A4+,B1+,D2+,F1+,I1+	A1+,A4+,B1+		Footways, 30 mph, services under 1 km and buses to two towns; reasonably accessible despite unlit roads.
PINS-6010973	Y	pass	B1+,B3+,C1+,C2=,D1+,F1+,H1+,I1+,I2=,I5+,J4=,J5+	C1+,H1+,J5+		Walkable pub, school, bus stops; car reliance no worse than existing villagers; one dwelling generates little movement.
PINS-6010986	Y	fail	A1-,A3-,A4-,A6-,A10-,A12-,B1=,D2-,F1-,G1-,G4=,H3=,I2-,J9=	A1-,A3-,A4-		Half a mile to village along unlit 40 mph B-road without footway; peak-only buses; car dependent.
PINS-6011045	N					
PINS-6011055	B	pass				Sustainable location counted within moderate benefits; no factors given.
PINS-6011079	Y	fail	A1-,A3-,A4-,A6-,A9-,A11-,B1-,C1-,D1-,F1-,G1-,H2=,I3-,J2=,J4-	A1-,A3-,A4-		Unlit national-speed-limit road without footway, 1.9 km to petrol-station shop; unsafe for walkers and cyclists; previous inspector followed.
PINS-6011093	Y	pass	I1+,I2+,J6+	I1+,J6+		Parties agreed a sustainable location within the settlement boundary; sustainable settlement status added weight to the homes.
PINS-6011097	B	pass				Described as highly sustainable location complying with TR3; issue was pedestrian highway safety.
PINS-6011103	Y	pass	A1+,A3+,A6+,A9+,B1+,C1+,D1+,I1+,J7+	A1+,A3+,C1+		Village services walkable on lit footways; short unfootwayed stretch tolerated as flat, straight with good visibility.
PINS-6011148	Y	pass	B1+,B2=,B3+,C1+,D1+,E1-,I3+	B1+,D1+		Within Knowle, walkable to local centre and bus stop; station beyond 800 m but local policy otherwise met.
PINS-6011150	Y	fail	A1+,A2-,A3+,A4-,A5-,A7+,A8-,B1=,B3-,C1=,D1=,G1-,I4=,I5-,J4=	A2-,A5-,I5-		Services 400-450 m by lit footway but narrow beside busy HGV road; Chavel not a settlement; heavy car reliance.
PINS-6011217	Y	pass	A11+,B3+,D1+,I1+	A11+,D1+		Well related to Key Service Village Melbourne; established pedestrian links and bus stop outside the site; not isolated.
PINS-6011227	N					
PINS-6011231	Y	mixed	A1+,A2+,A3+,A9+,B1+,D1+,D2=,G1-,H3+,I1+,I3-	A1+,A3+,G1-		Continuous flat lit pavement about 1 km to village and bus stops, but daily needs largely by car; moderate harm.
PINS-6011235	Y	fail	A1-,A3-,B3-,G1-,H2=,I5=	A1-,A3-,B3-		Remote position on road without footways or lighting; largely car reliant though not isolated.
PINS-6011253	Y	pass	B1+,C1+,D2+,F1+	C1+,D2+		Garden centre, cafe and shop within walking and cycling distance; regular Bedford-Biggleswade bus; TR3 accord.
PINS-6011256	N					
PINS-6011301	Y	pass	A1+,A3+,A4+,A6=,A12=,C1+,C2-,D2-,D3=,D4+,F1+,H1-,J1+	C1+,D4+,J1+	extra residents would support on-demand bus[+]	Walkable village facilities, lit 30 mph lanes to Fairfield, on-demand bus and Connectivity score 43 pass limb (iii).
PINS-6011337	Y	fail	C1-,C2-,D1=,D3-,G1-,H5-,I1-,J1-	C1-,D3-,J1-		Small village with very limited services; bus frequency unevidenced; low Connectivity Tool score; over-55s car reliant.
PINS-6011365	Y	fail	A1-,A4-,A7-,B1-,B3-,C1-,C2-,D2-,E1-,E2-,F1-,G1-,K1=,K2=	A1-,C1-,D2-	access-to-services need not accommodated by available infrastructure under S5(1)(j)(i)[-]	Village has no shop and poor bus; first 100 m no footway; stations distant; offered footway/bus stop gain little.
PINS-6011410	Y	pass	A1+,A3+,D1+,F1+,G1+	A1+,A3+		Footpath to Allesley mostly lit, cycling practicable, nearby buses; not wholly dependent on the car.
PINS-6011431	Y	fail	A1=,A3-,A4-,A8-,B1-,B2-,C1-,D1=,D3-,E1-,F1=,G1-,G2=,G3=,G4=,I5=	A3-,A8-,D3-		2 km to Uffculme via unlit national-speed footway or field PROW; no bus timetable evidence; heavy car reliance.
PINS-6011432	Y	pass	F1+,J3=			Sustainable travel acceptable: no parking objection, cycle storage by condition, travel plan unnecessary; thin note.
PINS-6011585	N					
PINS-6011694	Y	mixed	A1-,A3-,A8-,B1-,B3-,D1-,G1-,H4+	G1-,H4+		Isolated and heavily car dependent on unlit lanes; harm tempered by sawmill traffic fallback and outweighed under S5(4).
PINS-6011736	Y	fail	A1-,A3-,A4-,A5-,A6-,A10-,B1=,D1+,D2=,D4=,F1-,G1-,J1=,J4=,K2=,K3-,K4=	A3-,A6-,A10-		1 km mainly unlit walk with a stretch in the carriageway; hourly bus, score 52 and travel vouchers insufficient.
PINS-6011872	Y	fail	A1+,A3-,B1-,B3-,C1-,C2-,D1-,D3-,F1-,G1-	B1-,D3-,F1-	access-to-services need not accommodated by available infrastructure under S5(1)(j)(i)[-]	Footways exist but cycleway and lighting discontinuous, shops a mile away, bus frequency unevidenced; car dependent.
PINS-6011972	Y	fail	A1-,A3-,A10-,A12-,D2-,F1-,G1-,H4=	A1-,A3-,D2-		Narrow unlit lane without pavements, weekday-only bus 3-4 a day, A22 unattractive for cycling; car dependent despite existing trips.
PINS-6011983	N					
PINS-6012115	Y	fail	A1=,A3-,A5-,A7-,A10-,A11-,B1-,D1-,G1-	A3-,A7-,D1-		Bus stops 0.6 mile to 1 km away on mostly unlit pavement, uncontrolled A31 crossing; heavily car reliant.
PINS-6012188	Y	pass	A1+,A3+,D1+,D2+	A1+,D2+		Lit continuous footway to nearby stop with half-hourly bus gives mode choice despite no evening service.
PINS-6012202	Y	mixed	A1-,A3-,A8-,A10-,C1-,D1-,G1-,G2+,H4+,I1-,I3-,J4=,K1=	A1-,G2+,H4+	S5(1)(d) PDL support in principle kept transport harm to moderate weight[+]	No continuous lit footway to Weeton or bus stop; heavy car reliance moderated by existing business trips and short drives.
PINS-6012303	Y	mixed	A1-,D1+,D2+,E1=,J8-			Not a particularly sustainable location (PTAL 0, no footway on access lane) but accepted on balance with benefits.
PINS-6012304	Y	fail	A1-,A3-,A4-,A8-,A9-,A10-,B1-,B3-,E1-,I1-,I3-,I5-,J4=	A1-,A3-,A4-		1 km along 40 mph unlit lane without footway; footpath alternatives unlit and secluded; ribbon not a settlement.
PINS-6012370	N					
PINS-6012481	Y	fail	A1-,A3-,A10-,C1-,D1-,F1-,G1-,H4=,J1-	A1-,D1-,J1-		Undisputed poor Connectivity Tool score, no public transport, unlit footway-less lanes; GB7(1)(g)(iii) failed.
PINS-6012985	Y	fail	A1-,A3=,A6-,A9-,A10-,A12-,B1-,B3-,D2=,J7-	A1-,A6-,A9-		400 m from village but pavement-less narrow lane, steep hill; two-hourly bus insufficient; physically and functionally separated.
PINS-6013087	N					
PINS-6013651	Y	pass	B1+,D1+,F1+,G5=	B1+,D1+,F1+		Cycle store secured, services and buses walkable; two parking spaces do not diminish sustainable travel.
PINS-6014952	Y	mixed	B3-,G1-,H1+,H2+	H1+,H2+		Car-only access acknowledged but modest trips and rural business expansion mean no TR3 conflict.
basildon-24-01047-OUT	Y	pass	B1+,B3+,C1+	B1+,B3+		Grey-belt location limb passed: immediately adjacent to settlement, school about 400 m.
basildon-25-00575-OUT	Y	pass	B1+,D1+,D2+,E1=,K2+	D1+,D2+		Officers accepted location: bus stop 900 m with 2-3 buses an hour, centre 2.1 km; members did not contest.
basildon-25-01188-OUT	Y	pass	B3+,D1+,K2+			Officers found limb (iii) met: adjoins Wickford, London Road bus network, bus improvements.
bathnes-25-03592-FUL	Y	pass	E1+,E2+,J1+	E1+,E2+,J1+		Station under 400 m with two trains hourly each way; Connectivity Tool score 80-82, very high.
bathnes-25-04952-EOUT	Y	pass	B1+,B3+,D2+,F1+,J1+,J2+,K1+,K3+	J1+,K1+		Edge of Keynsham, 25-minute walk to centre, buses, connectivity rating B, 1 km walking/cycling upgrades secured.
bathnes-25-04961-FUL	B	pass				Officers found HO9 location test (access to services by walking, cycling, public transport) met; no factors given.
bathnes-26-00259-FUL	Y	pass	A11+,D1+,F1+			Officers: readily accessed on foot, by bicycle via towpath and toll bridge, and by local bus services.
bromsgrove-25-00751-FUL	Y	mixed	D4+,G1-,H2+,J2+,K2+	D4+,H2+,J2+		Car-based site accepted because SEND farm school needs rural setting; minibus hubs and travel plan; highway authority content.
bromsgrove-25-01429-FUL	Y	fail	C1-,D1=,D2-,H4+	C1-,D2-		Only a first school nearby; bus two days a week; unsustainable location, outweighed overall by Class Q fallback.
bromsgrove-26-00744-FUL	Y	pass	A1+,B1+,B3+,C1+,I2=,J4+	B1+,B3+,J4+		Relied on 2022 appeal: within Fairfield village on the ground, 400 m by pavements to facilities.
bromsgrove-26-00845-PIP	Y	pass	A1+,A3+,B3+,C1+,D1+,D2+,I1+	A1+,D1+,D2+		Lit footways both sides, bus stop 60 m with regular services, district centres; adjoins large settlement.
cheshireeast-25-2053-FUL	Y	pass	A1+,A3+,B1+,C1+,D1+,E1+,I1+,J1+	A1+,B1+		Lit footway; shops, bus, health centre, station within 750 m; Connectivity Tool 59-62%, adequate for rural edge.
cheshireeast-26-0640-FUL	Y	pass	A1+,B1+,B3+,C1+,D1+,D2+,F1+,J1+	A1+,D2+,J1+		Bus stops a short walk with 2 buses/hour, footways, services walkable; Connectivity Tool Band B; adjoins settlement.
chorley-25-01052-FULMAJ	Y	pass	A1+,A3+,A4+,B1+,B3+,C1+,D1+,D2+,E1+,E2+,G1+,K1+,K2+	A1+,B1+,E1+		Officers: shop, medical centre, station within 500 m on lit 20 mph footways; members refused on spatial strategy only.
cotswold-25-03800-FUL	Y	pass	A1+,A3+,A9+,B1=,D1+,G1+	A1+,A3+,D1+		Over 1 km from village centre but lit footways, flat routes and nearby bus stops; not solely car reliant.
dacorum-25-01880-MOA	Y	mixed	B2=,E1=,E2+	E1=,E2+		Tring station well-connected, but only the small part of the site within about 800 m qualifies under GB7(1)(h).
eastdevon-26-0534-MOUT	Y	pass	B1+,B3+,D1+,E1=,K1+	B3+	adjoins allocated 800-home expansion area[+]	Adjoins Cranbrook boundary; 1 km to town centre, bus stops 10-600 m, new pedestrian/cycle link.
lichfield-26-00855-OUT	Y	pass	B1+,B3+,C1+,D1+,F1+	B1+,C1+		Adjoins Stonnall; school, pub, hall, medical, shop within walking and cycling distance; public transport within 500 m.
maldon-26-00018-FULM	Y	pass	B1=,E1+,K1+			Station 20-minute walk; amenities at upper end of convenient walking distance; railway crossing safety contribution; TR3 passed.
maldon-26-00066-OUTM	Y	pass	B1+,B3+,C1+,D1+,D2+,G1-,I1+,J1=,J4+,K1+,K2+,K3+	C1+,D2+,J4+		Village services a short walk, daytime buses every 30 min, bus contribution; some car reliance acknowledged.
malvern-M-26-01131-FUL	Y	fail	A1-,A3-,A6-,B1=,D1=,F1-	A1-,A3-,A6-		Facilities 0.5-0.8 km away but only via unlit unpaved narrow sunken lane; walking and cycling theoretical not realistic.
malvern-M-26-01162-PIP	Y	pass	B1+,C1+,D5+,F1+,I1+,I3+	C1+,I1+		Category 1 village with services and public transport in walking/cycling distance; residents have a choice; refused on S5 anyway.
sefton-DC-2026-00141	Y	pass	A1=,B1+,B3+,D1+,J2+,K1+,K3+	B3+,D1+		Adjoins built-up area, walking distance of bus stops and primary school; new crossing point secured.
stratford-25-00346-OUT	N					
stratford-25-01271-FUL	Y	fail	A1-,A6-,B1-,C1-,D1-,D2-,G1-	A1-,D1-,G1-		Complete car reliance; no pavements on Kineton Road; services in distant villages; limited bus unreachable safely.
stratford-26-00617-PIP	Y	pass	A1+,A4+,A6=,B1+,C2-,D2-,G2+,J2+,J5+,K1+	A1+,B1+,K1+		15-minute walk to village centre, entirely on footpath via proposed link; infrequent buses; short car trips to Stratford.
stratford-26-00772-PIP	Y	mixed	A1-,A10-,A12-,B1+,C1+,D1+,G2+,I1+	A1-,A10-		200 m private lane without footway is moderate harm; mitigated by village services, buses, short car journey.
stratford-26-00918-PIP	Y	pass	A1+,B1+,B3+,C1+,D2=,G1+,I1=,J5+	A1+,B1+,C1+		Frontage footway, 400 m to village centre, school next door; short unfooted lengths accepted as villagers cope.
stratford-26-01141-FUL	Y	pass	A1+,A2+,A3+,B1+,F1+,G1+	A1+,A3+,B1+		Well-lit maintained footpath and cycleway to Stratford centre under 1 km; occupiers not reliant on car.
stratford-26-01393-FUL	Y	mixed	H4+,I2-,I3-	H4+		Officer calls location unsustainable outside village confines, but Class Q fallback of 7 dwellings outweighs.
stratford-26-01458-FUL	Y	pass	I1+,I2+	I1+,I2+		Passed solely because dwelling lies within built-up area boundary of a local service village; no route analysis.
stratford-26-01588-PIP	Y	mixed	A1=,A2=,A4=,B2-,B3+,D1-,G1=,J2=,K1+,K2+,K3+	K1+,K2+,K3+	planned bus stops come from a nearby allowed appeal scheme, real prospect[+]	Walking and bus shortcomings given limited/moderate weight; crossing in description and planned bus stops offset.
stratford-26-01660-OUT	Y	mixed	A1-,C2-,D2-,G2+,I1-	G2+		Infrequent bus, no footpath to Southam, most trips by car said to weigh against; yet found to accord with TR3.
stratford-26-01764-PIP	Y	pass	B1+,I1+	I1+		Main Rural Centre and an asserted walking distance to services in a one-paragraph cross-check; no route analysis.
stratford-26-01894-PIP	Y	pass	A1+,C1+,D2+,H1+,I1+,I2+	I1+		Officer: Category 4 village sustainable for modest numbers though sustainability not high; refusal raised no location reason.
threerivers-25-2168-OUT	Y	mixed	A1+,A3+,A4+,A7+,B2-,C1-,D2=,E1-,E2+,K2+	B2-,E1-		Members: station at 1,100 m not around 800 m so (h) fails; sustainable location still a limited benefit, doubted.
threerivers-26-0520-FUL	Y	mixed	D5-,H2+			Poor public transport accepted under E4(2) rural business allowance; no further accessibility assessment.
tmbc-25-01976-PA	Y	pass	A1+,A3+,B1+,B3+,C1+,D2+,F1+,I1+	B3+,C1+,D2+		Adjoins Tier 1 town; shops, medical centre, schools walkable; twice-hourly bus; lit footway/cycleway.
westnorthants-WNS-2022-0673-MAF	Y	pass	B3+,C1+,D2+,I1+,I2=	C1+,D2+		Adjoins a service village with school, shop, pubs and regular bus; sustainable location despite lying beyond the boundary; refused on other harms.
wychavon-W-26-00329-FUL	Y	fail	A1-,A3-,A11-,B1-,B3-,D2-,G1-,H4+,I5-	A1-,A3-,G1-		700 m from village along B-road without footways or lighting, limited buses; car reliant; Class Q fallback justified departure.
wychavon-W-26-01322-OUT	Y	pass	B1+,B2+,C1+,C2=,D1=,D2=,I3+	B1+,B2+,C1+		Relatively sustainable: shop, school, hall within CIHT 2 km; refused on S5 principle and design.
wychavon-W-26-01639-PIP	Y	fail	A2-,A3-,B1-,C1-,D2-,G1-,H1=,J1-,J4-	A3-,D2-,J1-		Connectivity score 23, limited services, infrequent bus, narrow unlit routes; car reliant; fewer homes no cure.
wychavon-W-26-01828-PIP	Y	fail	A1-,A3-,A4-,B1-,C1-,D1-,H4+,I1-	A1-,C1-,D1-		Hamlet without services, bus stop 2 km, unlit lane without footway; location fails but extant PIP fallback prevails.
wychavon-W-26-01874-PIP	Y	fail	A1-,A3-,A4-,A7-,B1-,B2+,D1=,D2-,E1+,E2-,G1-,J2=	A1-,E2-,G1-		40 mph road, no footway, crossing or lighting; limited buses; station within 800 m not well-connected; car reliant.
