ref	date	type	decision	lpa	nppf2026_codes	cites_2026_fw	cites_old_fw_paras	description
6012115	2026-10-02	Planning	Dismissed	Dorset Council	GB7 GB7(1)(f)(iii) GB7(1)(g) TR3 GB6 S5	Y		described as “static caravan to be used as rental accommodation. Proposed new access to the site from Grange Road. New gravel paths, gravel driveway and decking on site”
6012112	2026-10-02	Planning	Dismissed	Royal Borough of Kensington and Chelsea	TR4 TR6	Y		the installation of one JOLT Unit (Electric Vehicle Charge Point, with integral double-sided LCD screen) and associated electrical connection works. Appeal B Ref: 6012114 369 Fulham Road, London, SW10 9TR 
6012075	2026-10-02	Planning	Dismissed	Royal Borough of Kensington and Chelsea	TR4 TR6 HE6	Y		the installation of one JOLT Unit (Electric Vehicle Charge Point, with integral double-sided LCD screen) and associated electrical connection works. Appeal B Ref: 6012078 403 King's Road, London, SW10 0LR 
6012036	2026-10-02	Planning	Dismissed	Isle of Wight Council	DP3 N4 S4(2)(c) S4	Y		lattice mast with HF beam antenna
6011964	2026-10-02	Planning	Dismissed	Council of the London Borough of Bromley		Y		described on the application form as “3 new terraced houses”. Appeal B Ref: 6011964 Land behind 5 Lapworth Close, Orpington BR6 9BW 
6011963	2026-10-02	Planning	Dismissed	Council of the London Borough of Bromley		Y		described on the application form as “3 new terraced houses”. Appeal B Ref: 6011964 Land behind 5 Lapworth Close, Orpington BR6 9BW 
6011958	2026-10-02	Planning	Dismissed	Council of the London Borough of Lewisham	HE1 HE2 HC1 TR1	Y		the construction of a single storey residential unit on the site of three demolished garages
6011855	2026-10-02	Planning	Dismissed	Council of the London Borough of Barnet	HE5 HE6 HC1	Y		
6011852	2026-10-02	Planning	Dismissed	Council of the London Borough of Barnet	HE5 HE6 HC1	Y		
6011489	2026-10-02	Planning	Dismissed	Dacorum Borough Council	GB7 GB6	Y		the change of use of land from agricultural pasture to an outdoor wellbeing/therapeutic recreation use (daytime, appointment-only), including the siting of one moveable ancillary consultation/office unit (Canopy ‘Aspen O
6011365	2026-10-02	Planning	Dismissed	South Cambridgeshire District Council	S5 DP3 HO7 N2	Y		up to seven self/custom-build dwellings
6011302	2026-10-02	Planning	Dismissed	Nottingham City Council	S4 P4 S3 E2 P3	Y		
6011081	2026-10-02	Planning	Dismissed	Council of the London Borough of Newham	DP3 P3 S4 S3	Y		demolition of the existing single-storey rear structure and erection of a two-storey building, comprising ancillary ground floor waiting area to the existing hand car wash (Sui Generis) and the creation of two self-conta
6011060	2026-10-02	Planning	Dismissed	Wokingham Borough Council	CO2	Y		Installation of replacement electronic communications apparatus comprising slimline lattice mast, 3 no. aerials, 2 no. transmission dishes, 1 no. GPS aerial, radio equipment housing and development ancillary to radio equ
6010933	2026-10-02	Planning	Allowed	Tendring District Council	HE4 HE5 DP3(1) DP3(2) TR3 TR4 E2 L2(1)(b) DM6(2)(c)	Y		originally described as “Minor changes to appearance of timber cabin as approved. Proposed change of use to timber cabin to include workshop/studio use”
6010746	2026-10-02	Planning	Dismissed	Epping Forest District Council	DM4 GB7 HE6 HE5 DM7 DM9	Y		Demolition the existing house and garage and erection a new single 
6010578	2026-10-02	Planning	Allowed	Cheshire East Council	TR3 GB7 TR3(2) GB7(1)(h) F5(2)(b)(i) F5(2)(b)(ii) S5(5) S5(2)	Y		the erection of 5 dwellings
6010392	2026-10-02	Planning	Allowed	Rushcliffe Borough Council	S5 P1 S4 DM6 GB7 S3	Y		the erection of a replacement dwelling, carport and garage following demolition of the existing dwelling and garage
6010305	2026-10-02	Planning	Dismissed	North Somerset Council	S4 DP3 DM4 HE5(2) HE6 DM3 TC2 P3 HE4 HE5 HE9 S3	Y		change of use of ground floor retail unit to be combined with upper floor dwelling to form one single dwellinghouse
6010199	2026-10-02	Planning	Dismissed	Coventry City Council	CO1	Y		the proposed installation of a telecommunications base station comprising a 20m monopole supporting 9 no. antennas and 2 no. dishes with wraparound cabinet at the base, together with 6 no. ground based equipment cabinets
6010069	2026-10-02	Planning	Dismissed	Tameside Metropolitan Borough Council	S4 TR4 P3	Y	Y	a change of use from 4 bed dwellinghouse (Use Class C3) to 6- bedroom HMO (Use Class C4)
6009965	2026-10-02	Planning	Dismissed	Council of the London Borough of Barking & Dagenham	TR3 S4 S3	Y		change of use of the dwelling (Use Class C3) to a 3-bedroom HMO (Use Class C4) for up to four occupants
6009769	2026-10-02	Planning	Dismissed	Medway Council	L3 HC7 DP3	Y		construction of a self-build, two-bedroom residential bungalow
6009318	2026-10-02	Planning	Dismissed	Southend-on-Sea City Council	DM1 DM3 DP3(1) P5 DP3(2) E2 L2(1)(b) TR3 N2 S3	Y		described as “Erection of ancillary storage building for associated commercial storage”
6009255	2026-10-02	Planning	Allowed	North West Leicestershire District Council	S2 S3 HO1 HO7 TR3 S5	Y		conversion of existing garage to single C3 self-build dwelling with associated parking and alterations to residential curtilage
6009119	2026-10-02	Planning	Dismissed	Southend-on-Sea City Council	P3 DM1 DM3 S4	Y		to use the existing corner plot as a hand car wash and install a new acoustic screened area for car valeting. Retention of existing demountable cabins
6008679	2026-10-02	Planning	Dismissed	Thurrock Borough Council	DP3(1) S5 GB2 GB7 GB7(1)(g) TR3 GB6 GB8 GB7(1) HO7 S3 DP3(3)	Y		part demolition of existing dwelling and erection of 5 No. dwellings
6008483	2026-10-02	Planning	Dismissed	Council of the London Borough of Ealing	HE6 HE4	Y	Y	Installation of 1No. BT Street Hub Unit and associated advertisement panels on either side of the unit. Appeal B Ref: 6008485 Land Adjacent To 2 New Ealing Broadway, London, W5 2NU 
6007927	2026-10-02	Planning	Dismissed	Council of the London Borough of Hackney	HC1 S3 S4 DP3 HE7	Y		a change of use from two flats to single dwelling house; erection of a three-storey rear extension at lower ground, ground and first floors; a new terrace at first floor; erection of mansard roof extension and alteration
6007757	2026-10-02	Planning listed building and conservation area	Allowed	Pendle Borough Council	HE6 HC6 HE5 S3	Y		conversion of existing public house (Sui Generis) to 1 no. dwelling (Use Class C3) and associated works. Appeal B Ref: 6007757 Cross Gaits Inn, Beverley Road, Blacko, Lancashire BB9 6RF 
6007704	2026-10-02	Planning	Allowed	Pendle Borough Council	HE6 HC6 HE5 S3	Y		conversion of existing public house (Sui Generis) to 1 no. dwelling (Use Class C3) and associated works. Appeal B Ref: 6007757 Cross Gaits Inn, Beverley Road, Blacko, Lancashire BB9 6RF 
