reference	status	parish	village	tier	gb	washed	scale	conversion	route	homes_gross	homes_net	valid	target	committee	place	proposal	link
26/02072/FUL	Pending Consideration	Alcester	alcester	MRC			small (1-9)	conv	full	1	1	2026-09-08	2026-11-03		Arrow House 8 Church Street Alcester	Proposed change of use of part of the ground floor, and all of the first and second floors from commercial use into a single residential unit Class C3 with associated internal alterations	https://apps.stratford.gov.uk/Eplanningv2/AppDetail/Index/f479fd9d-72b3-c9b8-d2e4-08defd2a9433
26/02137/PIP	Pending Consideration	Alderminster	alderminster	4			small (1-9)		pip	9	9	2026-08-18	2026-10-05		Land South Of Shipston Road Alderminster	Permission in principle for the erection of up to 9 dwellings	https://apps.stratford.gov.uk/Eplanningv2/AppDetail/Index/d7c312d1-2c97-c2bf-78f4-08df0346ddc4
26/01097/PIP	Pending Consideration	Bearley	bearley	4	GB	washed-over village	small (1-9)		pip	9	9	2026-06-01	2026-07-06		Land At School Lane Bearley	Permission in principle for up to 9 dwellings	https://apps.stratford.gov.uk/Eplanningv2/AppDetail/Index/4e3bab1f-0309-c148-9c9c-08dea78890ed
26/01120/FUL	Pending Consideration	Bearley	henley-in-arden	MRC	GB	washed-over village	small (1-9)		full	8	8	2026-06-16	2026-10-12		Scrap Yard Birmingham Road Bearley Henley-in-Arden	Redevelopment of scrap yard with 8 houses and associated works.	https://apps.stratford.gov.uk/Eplanningv2/AppDetail/Index/dc3505e0-8e96-cf50-612b-08deaac0cfe2
26/01748/PIP	Pending Consideration	Bearley	stratford-upon-avon	town	GB	washed-over village	small (1-9)		pip	9	9	2026-07-13	2026-10-02		Holly Tree Cottage Snitterfield Road Bearley Stratford-upon-Avon	Erection of up to Nine Dwellings	https://apps.stratford.gov.uk/Eplanningv2/AppDetail/Index/c2bdcde8-90fb-c5eb-95c9-08dee17b1f44
25/00415/OUT	Pending Consideration	Bidford-on-Avon	bidford-on-avon	MRC			major (10+)		outline	110	110	2025-04-10	2026-07-17		Land North Of Salford Road Bidford-on-Avon	Outline Planning application with all matters reserved except access to the site, for up to 110 dwellings and associated green space, biodiversity enhancements and associated works; and demolition of properties related to Marriage Hill Farm	https://apps.stratford.gov.uk/Eplanningv2/AppDetail/Index/44d537df-2920-c1d6-97b0-08dd5bf02133
25/03157/OUT	Pending Consideration	Bidford-on-Avon	bidford-on-avon	MRC			major (10+)		outline	90	90	2026-02-11	2026-10-21		Land South Of Avon Way Bidford-on-Avon	Outline planning application (with all matters reserved apart from access) for a development comprising up to 90 dwellings (Use Class C3) and associated infrastructure and operations including but not limited to sustainable urban drainage s	https://apps.stratford.gov.uk/Eplanningv2/AppDetail/Index/f287d1e6-a7c6-c8a6-c26d-08de4e8bf3b4
25/00787/FUL	Pending Decision	Bishops Itchington	bishops itchington	1			small (1-9)		full	6	6	2025-03-28	2025-05-23	2026-03-25	Land At Ladbroke Road Bishops Itchington Southam	Erection of six detached dwellinghouses and associated works	https://apps.stratford.gov.uk/Eplanningv2/AppDetail/Index/3e51c71f-7e3b-c273-851e-08dd76709447
25/00829/OUT	Pending Consideration	Bishops Itchington	bishops itchington	1			major (10+)		outline	83	83	2025-05-12	2026-07-23		Land To South Gaydon Road Bishops Itchington	Outline application for the erection of up to 83 dwellings, associated infrastructure and biodiversity enhancements, all matters reserved except for access to the site from Gaydon Road	https://apps.stratford.gov.uk/Eplanningv2/AppDetail/Index/ae1d332e-e9e6-c0e6-fe5d-08dd77773c95
25/02974/OUT	Pending Consideration	Bishops Itchington	bishops itchington	1			major (10+)		outline	150	150	2025-12-04	2026-03-05		Land North Of Hambridge Road Bishops Itchington	Outline application with all matters reserved other than access for the demolition of an agricultural barn and erection of up to 150 dwellings with public open space and associated infrastructure	https://apps.stratford.gov.uk/Eplanningv2/AppDetail/Index/d37c5e2a-6796-cf93-61e7-08de3733a9a7
26/01122/OUT	Pending Consideration	Bishops Itchington	bishops itchington	1			major (10+)		outline	200	200	2026-06-12	2026-10-30		Land Off Station Road Bishops Itchington	Outline planning application with all matters reserved, except for access into and out of the site, for the development of up to 200 residential units (Use Class C3), open space, hard and soft landscaping, highways works, infrastructure wor	https://apps.stratford.gov.uk/Eplanningv2/AppDetail/Index/9c7034b9-bfa3-cc44-a3ab-08deab3f3284
26/00350/FUL	Pending Consideration	Brailes	shipston-on-stour	MRC			small (1-9)	conv	full	1	0	2026-02-09	2026-04-06		Talliefields Aylesmore Shipston-on-Stour	Conversion of agricultural building to single dwelling	https://apps.stratford.gov.uk/Eplanningv2/AppDetail/Index/9113cca8-f018-cf71-aa8e-08de67fd78ba
26/00802/FUL	Pending Consideration	Butlers Marston		none			small (1-9)		full	9	9	2026-04-17	2026-08-31		Site Of Former School And Associate School Field Butlers Marston Located To The North Of Pillerton Road	Demolition of former school building and erection of 9 dwellings with associated access, parking and landscaping.	https://apps.stratford.gov.uk/Eplanningv2/AppDetail/Index/91b6216b-7198-ca1b-0b7f-08de908ff4ea
23/00597/FUL	Pending Consideration	Cherington		none			small (1-9)		full	8	8	2023-06-16	2025-11-18		Land Adjacent To St Johns Road Cherington Eastings 429184 Northings 236766	Erection of 8 no. Local Need Dwellings and associated works.	https://apps.stratford.gov.uk/Eplanningv2/AppDetail/Index/e2ce5f3c-5f0f-c737-cddd-08db1be33f63
26/00416/FUL	Pending Consideration	Chesterton & Kingston	lighthorne	4			small (1-9)		full	3	3	2026-02-17	2026-04-14		Kingston Holt Farm Banbury Road Lighthorne Warwick	Construction of three three-bed dwellinghouses and associated works	https://apps.stratford.gov.uk/Eplanningv2/AppDetail/Index/c85b5815-a3e9-c48a-c8be-08de6dfbf681
26/01470/FUL	Pending Consideration	Claverdon	claverdon	3	GB	washed-over village	small (1-9)		full	5	5	2026-06-26	2026-10-19		Land North Of Station Road Claverdon	Erection of five detached dwellings with associated access, parking and landscaping	https://apps.stratford.gov.uk/Eplanningv2/AppDetail/Index/706e8226-921e-c67f-f990-08dec6218e05
26/01831/FUL	Pending Consideration	Claverdon	claverdon	3	GB	washed-over village	major (10+)		full	10	10	2026-07-24	2026-10-23		Greenfingers Kington Lane Claverdon Warwick	Proposals to clear all of the existing buildings and hardstanding areas from the site and construct 10 dwellings with associated gardens, parking/garages, drainage and green infrastructure works.	https://apps.stratford.gov.uk/Eplanningv2/AppDetail/Index/4935dd70-71fb-cc7d-432a-08deecae750f
26/02378/COUQ	Pending Consideration	Claverdon	claverdon	3	GB		small (1-9)	conv	prior-approval	1	1	2026-09-23	2026-11-18		Land To The Rear Of Cordison Fields Yarningale Lane Yarningale Common	To convert the existing building to form a new 2 bedroom dwelling	https://apps.stratford.gov.uk/Eplanningv2/AppDetail/Index/bc4d0765-675a-cc23-2a5c-08df1891f2ab
26/01659/PIP	Pending Consideration	Dorsington	stratford-upon-avon	town			small (1-9)	conv	pip	1	1	2026-07-27	2026-08-31		1 Manor Cottage Dorsington Stratford-upon-Avon	Proposed conversion of outbuilding to provide 1no. dwelling and associated works	https://apps.stratford.gov.uk/Eplanningv2/AppDetail/Index/6b9bde72-709c-c5d0-8a38-08ded82700d7
25/02798/FUL	Pending Consideration	Ettington	stratford-upon-avon	town			small (1-9)		full	4	3	2026-01-13	2026-03-10		The Dolls House Rookery Lane Ettington Stratford-upon-Avon	Construction of 4no. dwellinghouses, access improvements and associated works including demolition of existing dwelling and ancillary buildings.	https://apps.stratford.gov.uk/Eplanningv2/AppDetail/Index/d8486cbe-2662-cc91-5c6b-08de239793e9
25/02976/FUL	Pending Consideration	Exhall	alcester	MRC			small (1-9)	conv	full	1	1	2025-12-04	2026-01-29		Abbotsfield Exhall Alcester	Extensions to and change of use of existing holiday let to residential dwelling	https://apps.stratford.gov.uk/Eplanningv2/AppDetail/Index/0ec81f51-5df0-ca06-964f-08de330ea0e1
25/00574/FUL	Pending Consideration	Fenny Compton	fenny compton	2			small (1-9)	conv	full	1	1	2025-05-15	2025-08-19		The Grange The Slade Fenny Compton Southam	Conversion of a barn in to a self build dwelling	https://apps.stratford.gov.uk/Eplanningv2/AppDetail/Index/3c6bd185-29a6-c138-c879-08dd608c9556
26/00149/OUT	Pending Consideration	Gaydon	gaydon	4			major (10+)		outline	21	21	2026-01-20	2026-11-06		Land To The North East Of Banbury Road Gaydon	Outline planning permission for the development of up to 21 dwellings, green infrastructure, open space, and all other associated works. All matters will be reserved apart from access.	https://apps.stratford.gov.uk/Eplanningv2/AppDetail/Index/1f6b8129-0c57-c9f5-2e10-08de5ff2ee51
26/01372/OUT	Pending Consideration	Hampton Lucy	snitterfield	3			major (10+)		outline	32	32	2026-05-28	2026-08-27		Land West Of Snitterfield Street Hampton Lucy	Outline planning application for residential development of up to 32 dwellinghouses including the detailed matter of access, and associated works	https://apps.stratford.gov.uk/Eplanningv2/AppDetail/Index/0fd15f65-0e47-cdb2-0bf9-08debfdfd362
26/02046/OUT	Pending Consideration	Hampton Lucy	snitterfield	3			major (10+)		outline	30	30	2026-08-11	2026-11-10		Land East Of Snitterfield Street Hampton Lucy	Outline application (with all matters reserved apart from access) for the erection of up to 30 dwellings, internal highway works, landscaping, sustainable drainage system, public open space and other associated infrastructure.	https://apps.stratford.gov.uk/Eplanningv2/AppDetail/Index/a23729e4-185c-cf22-0f53-08defa05e741
25/02712/OUT	Pending Decision	Harbury	harbury	1			major (10+)		outline	38	38	2025-11-06	2026-05-20	2026-10-07	Land North Of Mill Street Harbury	Outline planning application with all matters reserved except for access, for the demolition of existing buildings, and creation of up to 38 dwellings, public open space, landscaping, sustainable drainage, all associated works and provision	https://apps.stratford.gov.uk/Eplanningv2/AppDetail/Index/816203c2-2722-c87b-2513-08de25bc9792
25/02812/OUT	Pending Consideration	Harbury	harbury	1			major (10+)		outline	150	150	2026-01-14	2026-09-01		Land East Of Butt Lane Harbury	Outline planning application for the erection of up to 150 dwellings, including access off Butt Lane (all other matters reserved), associated landscaping, open space, drainage, infrastructure and all other ancillary and enabling works at La	https://apps.stratford.gov.uk/Eplanningv2/AppDetail/Index/883d8507-4396-c2a1-e33b-08de2d99a584
25/02821/OUT	Pending Consideration	Harbury	bishops itchington	1			major (10+)		outline	230	230	2025-11-26	2026-10-30		Land North Of The Former Harbury Depot Now Known As Ropeway And Weighbridge Drive Bishops Itchington	Hybrid Planning application consisting of: Full application for the development of 230 homes including new vehicular access onto Ropeway and emergency access onto B4551, pedestrian and cycle links; public open space including play areas and	https://apps.stratford.gov.uk/Eplanningv2/AppDetail/Index/addd6798-7816-c551-47b4-08de26c1e3b8
26/01624/OUT	Pending Consideration	Harbury	harbury	1			major (10+)		outline	145	145	2026-06-26	2026-09-25		Land Off Bush Heath Lane Harbury	Outline planning application for the erection of up to 145 dwellings (including affordable housing), with public open space, a sustainable drainage system (SuDS) and a vehicular access point. All matters to be reserved, except for means of 	https://apps.stratford.gov.uk/Eplanningv2/AppDetail/Index/4e64d7d6-3d32-cc36-6122-08ded68b93c3
25/01491/FUL	Pending Consideration	Kineton	kineton	MRC			small (1-9)		full	1	0	2025-06-23	2025-08-18		Pittern Hill Lodge Pittern Hill Kineton Warwick	Erection of replacement house and associated work	https://apps.stratford.gov.uk/Eplanningv2/AppDetail/Index/16a2f8dd-8842-c976-58a3-08ddb245cf65
25/02665/OUT	Pending Consideration	Kineton	kineton	MRC			major (10+)		outline	50	50	2025-12-11	2026-08-19		Land Off Banbury Road Kineton	Outline planning application for up to 50 dwellings including 35% affordable housing, with means of access from Banbury Road for consideration (all other matters reserved for subsequent approval), drainage, landscaping, car parking and all 	https://apps.stratford.gov.uk/Eplanningv2/AppDetail/Index/3a7003dc-128a-c431-bee7-08de21319a72
26/01561/FUL	Pending Consideration	Kineton	kineton	MRC			small (1-9)		full	1	1	2026-06-18	2026-09-18		Land At 4 Kineton Cottages Little Kineton Warwick	Erection of 1 no. self-build/custom build dwellinghouse with garaging, relocation of one existing domestic outbuilding (removal of 4 others and retention of 2), demolition of gate and part of fence to side (north) of No 4 Kineton Cottages a	https://apps.stratford.gov.uk/Eplanningv2/AppDetail/Index/6abe9ec3-bb9e-c660-0bf8-08dece142bf1
26/01803/FUL	Pending Consideration	Kineton	kineton	MRC			small (1-9)		full	3	2	2026-08-20	2026-10-15		Oaks Holt Banbury Road Kineton Warwick	Replacement dwelling, erection of 2 additional dwellings and associated works including upgrade to existing access	https://apps.stratford.gov.uk/Eplanningv2/AppDetail/Index/2b79d906-2c15-c789-4348-08dee7072a6a
26/02075/FUL	Pending Consideration	Kineton	kineton	MRC			small (1-9)		full	1	0	2026-08-18	2026-10-13		Pittern Hill Lodge Pittern Hill Kineton Warwick	Erection of replacement house and associated works	https://apps.stratford.gov.uk/Eplanningv2/AppDetail/Index/b13eea99-60e8-c51c-e009-08defd32cedb
26/02208/COUQ	Pending Consideration	Kineton	kineton	MRC			major (10+)	conv	prior-approval	10	10	2026-09-02	2026-10-28		The Old Dairy Pittern Hill Kineton	Change of use of agricultural units and former buildings to 10 dwellinghouses.	https://apps.stratford.gov.uk/Eplanningv2/AppDetail/Index/231f83e7-cbe7-cc0e-d2cf-08df0904d6ec
26/02011/FUL	Pending Consideration	Langley	stratford-upon-avon	town	GB		small (1-9)		full	1	1	2026-08-27	2026-10-22		Land At New House Farm Ford Lane Langley Stratford-upon-Avon	Demolition of the existing cattery building and agricultural/equestrian barn, removal of areas of associated hardstanding and the construction of a detached dwelling with a double carport and all other associated works.	https://apps.stratford.gov.uk/Eplanningv2/AppDetail/Index/e5e65d76-b3fc-c7d2-7704-08def9fee33e
26/01529/PIP	Pending Consideration	Little Compton		none			small (1-9)		pip	2	2	2026-06-12	2026-07-17		Land North Of Jordans Orchard Little Compton	Erection of a minimum of 1 to a maximum 2 no. self-build dwellings.	https://apps.stratford.gov.uk/Eplanningv2/AppDetail/Index/83a907b4-72a7-c836-29d5-08decaf30a75
26/00557/OUT	Pending Consideration	Long Itchington	long itchington	1			major (10+)		outline	86	86	2026-03-18	2026-12-16		Land Off Collingham Lane Long Itchington	Outline planning application (with all matters reserved apart from access) for a development comprising up to 86 dwellings (Use Class C3) and associated infrastructure and operations including but not limited to sustainable urban drainage s	https://apps.stratford.gov.uk/Eplanningv2/AppDetail/Index/49a52ddb-bed8-c082-1309-08de80f06394
26/01398/OUT	Pending Consideration	Long Itchington	long itchington	1			major (10+)		outline	100	100	2026-07-09	2026-10-08		Land West Of Southam Road Long Itchington	Outline planning application for the erection of up to 100 residential dwellings (Use Class C3), including public open space, access points (not internal roads), and associated infrastructure (with all matters reserved except access)	https://apps.stratford.gov.uk/Eplanningv2/AppDetail/Index/19425bea-3f1b-ccd2-fa61-08debff4191a
26/01718/OUT	Pending Consideration	Long Itchington	long itchington	1			major (10+)		outline	80	80	2026-09-09	2026-12-09		Land Off Southam Road Long Itchington	Outline planning application for the erection of up to 80 dwellings with public open space, landscaping and sustainable drainage system (SuDS) and vehicular access point from Collingham Lane. All matters reserved except for means of access.	https://apps.stratford.gov.uk/Eplanningv2/AppDetail/Index/320d34cf-8479-c32d-ae2e-08dede5aa66f
26/01937/FUL	Pending Consideration	Long Itchington	southam	MRC			small (1-9)		full	3	0	2026-08-19	2026-10-14		Lower Print Farm Bascote Southam	Full planning application for the demolition of three agricultural buildings (subject to Class Q Prior Approval under LPA reference 25/01126/COUQ) and erection of three self-build dwellings and associated development.	https://apps.stratford.gov.uk/Eplanningv2/AppDetail/Index/91a0510b-b7c9-c6a8-f6ff-08def2108ffe
26/02362/OUT	Pending Consideration	Long Itchington	long itchington	1			small (1-9)	conv	outline	1	0	2026-09-21	2026-11-16		The Old House Snowford Hill Leamington Road Long Itchington Southam	Demolition of existing dwelling and associated structures and construction of a new replacement dwelling with garage and live/work annexe, together with the change of use of agricultural land to domestic curtilage to provide a new access to	https://apps.stratford.gov.uk/Eplanningv2/AppDetail/Index/d0329413-fe78-c5ce-d5da-08df17afb73b
18/01892/OUT	Pending Consideration	Long Marston	stratford-upon-avon	town			major (10+)		outline	3100	3100	2018-08-17	2026-11-30		Long Marston Airfield Campden Road Lower Quinton Stratford-upon-Avon	Outline application (with all matters reserved) for a phased development comprising up to 3,100 new homes (Class C2/C3), employment (Use Classes B1(a)-(c)) including a business park of approximately 5.7ha (gross) and further employment spac	https://apps.stratford.gov.uk/Eplanningv2/AppDetail/Index/ae4c0346-3438-cdc1-71ad-08dc68360277
20/02315/FUL	Pending Consideration	Long Marston	stratford-upon-avon	town			major (10+)		full	124	124	2022-11-15	2026-11-30		Phase 1A Long Marston Airfield Campden Road, Lower Quinton, Stratford-upon-Avon	Proposed development of 124 dwellings, including 43 Affordable Homes and all ancillary enabling works including demolition of an existing aircraft hanger building associated highway, drainage and landscape works and associated amendments to	https://apps.stratford.gov.uk/Eplanningv2/AppDetail/Index/b365f94a-6dc3-c398-4da1-08dc68356f4a
23/01794/OUT	Pending Consideration	Long Marston	stratford-upon-avon	town			major (10+)		outline	376	376	2023-09-13	2026-11-30		Phase 1B Long Marston Airfield Campden Road Lower Quinton Stratford-upon-Avon	Hybrid Planning Application comprising: a) FULL application for 376 homes including 132 affordable homes, car parking and all ancillary enabling works including associated highway, drainage and landscape works and demolition of existing bui	https://apps.stratford.gov.uk/Eplanningv2/AppDetail/Index/7e2274a5-0c52-ca4e-2935-08dc68356f48
26/00163/FUL	Pending Consideration	Long Marston	Meon Vale	new settlement			major (10+)		full	37	37	2026-02-20	2026-09-30		Parcel A Land West Of Bailey Avenue Meon Vale	Full planning application for the erection of 37 no. dwellings (Use Class C3) and supporting infrastructure	https://apps.stratford.gov.uk/Eplanningv2/AppDetail/Index/15530777-a37f-c51d-b101-08de63061e77
26/00164/FUL	Pending Consideration	Long Marston	Meon Vale	new settlement			major (10+)		full	20	20	2026-02-20	2026-09-30		Parcel B, Land West Of Bailey Avenue Meon Vale	Full planning application for the erection of 20 no. dwellings (Use Class C3) and supporting infrastructure.	https://apps.stratford.gov.uk/Eplanningv2/AppDetail/Index/cc40966b-873d-c50f-34d1-08de5ff02510
25/02713/FUL	Pending Consideration	Luddington	stratford-upon-avon	town			major (10+)		full	89	88	2026-01-15	2026-04-16		Land At Bordon Hill Stratford-upon-Avon	Demolition of the farmhouse and associated buildings and the erection of 89 dwellings (including 35% affordable housing) with public open space with childrens play area and hillside park, landscaping, sustainable drainage system and other a	https://apps.stratford.gov.uk/Eplanningv2/AppDetail/Index/15c7678f-f804-c423-3e1b-08de22a538e6
26/02096/FUL	Pending Consideration	Luddington	stratford-upon-avon	town			small (1-9)		full	1	1	2026-08-21	2026-10-16		Boddington Farm Luddington Stratford-upon-Avon	Demolition of agricultural buildings and erection of dwellinghouse.	https://apps.stratford.gov.uk/Eplanningv2/AppDetail/Index/270ca57a-f2eb-cc4f-6e7c-08deff75a6f4
26/01776/OUT	Pending Consideration	Mappleborough Green	mappleborough green	4	GB		small (1-9)		outline	2	2	2026-07-17	2026-09-11		Land At Gorcott Hill Beoley	Outline planning permission for 2 self-build dwellings with all matters reserved except for access	https://apps.stratford.gov.uk/Eplanningv2/AppDetail/Index/cf081bbf-e4ba-c7d5-bddf-08dee65513c6
26/02296/FUL	Pending Consideration	Mappleborough Green	mappleborough green	4	GB	washed-over village	small (1-9)	conv	full	1	1	2026-09-14	2026-11-09		Haye House Haye Lane Mappleborough Green Studley	Conversion of a domestic outbuilding into an independent C3 dwelling, as a sub-division of the existing site of dwelling Haye House and associated operational development	https://apps.stratford.gov.uk/Eplanningv2/AppDetail/Index/a9ea8bcc-d6c4-ca76-8a31-08df122fa211
26/01909/OUT	Pending Consideration	Moreton Morrell	moreton morrell	4			major (10+)		outline	23	23	2026-07-31	2026-10-30		Land At John Taylor Way And John Davis Drive Moreton Morrell	Outline planning permission with all matters reserved, except for means of access from John Taylor Way, for residential development of up to 23 dwellings, sustainable drainage infrastructure, public open space, green infrastructure, landsca	https://apps.stratford.gov.uk/Eplanningv2/AppDetail/Index/f33d2456-5b40-c334-bbd3-08def2337fb7
26/01570/FUL	Pending Consideration	Napton-on-the-Hill	napton-on-the-hill	2			small (1-9)		full	1	1	2026-08-04	2026-09-29		Land South Of New Street New Street Napton-on-the-Hill	Erecrion of 1no. self-build dwelling and associated works including means of access.	https://apps.stratford.gov.uk/Eplanningv2/AppDetail/Index/6aa3e8e0-7453-c09e-5945-08ded071d1e3
26/01804/FUL	Pending Consideration	Oldberrow	henley-in-arden	MRC	GB		small (1-9)	conv	full	1	1	2026-08-11	2026-11-10		Ullenhall Barn Ullenhall Lane Ullenhall Henley-in-Arden	Change of use of holiday cottage to local needs dwellinghouse	https://apps.stratford.gov.uk/Eplanningv2/AppDetail/Index/a11301c4-be3e-cd2d-4c87-08dee70f8f74
26/01934/FUL	Pending Consideration	Oldberrow	henley-in-arden	MRC	GB		small (1-9)		full	1	1	2026-08-14	2026-10-09		Oldberrow Court Farm Henley Road Oldberrow Henley-in-Arden	Demolition of two agricultural buildings, removal of horse walker and manege and erection of one self-build dwellinghouse, garage and associated works.	https://apps.stratford.gov.uk/Eplanningv2/AppDetail/Index/434d0b2e-4805-c6bb-a341-08def17905b7
26/01956/OUT	Pending Consideration	Oxhill	oxhill	4			small (1-9)		outline	4	4	2026-08-05	2026-09-30		Oak View Green Lane Oxhill Warwick	Hybrid planning application comprising full planning permission for the formation of a new vehicular access, associated highway infrastructure and landscaping works, together with outline planning permission (all matters reserved except acc	https://apps.stratford.gov.uk/Eplanningv2/AppDetail/Index/32886d86-51e6-cf20-4016-08def2e1702f
26/00449/FUL	Pending Consideration	Pillerton Hersey	oxhill	4			major (10+)		full	10	10	2026-03-13	2026-10-14		Hogwood Farm Pillerton Hersey Road Oxhill	Proposed redevelopment of existing intensive pig farm to create 10 new dwellings	https://apps.stratford.gov.uk/Eplanningv2/AppDetail/Index/1507625f-e2fc-c226-90dd-08de783e4c6c
26/01642/FUL	Pending Consideration	Pillerton Priors	pillerton priors	4			small (1-9)		full	9	9	2026-06-30	2026-09-29		Land Off Kineton Road Pillerton Priors	Erection of 9no. dwellings.	https://apps.stratford.gov.uk/Eplanningv2/AppDetail/Index/56f7ba3c-bf72-c390-2cb5-08ded78876db
26/02103/FUL	Pending Consideration	Pillerton Priors	pillerton priors	4			small (1-9)		full	1	1	2026-08-21	2026-10-16		Sandpit Farm Pillerton Priors	Erection of 1no. dwelling	https://apps.stratford.gov.uk/Eplanningv2/AppDetail/Index/004d6404-80b2-c17d-4185-08deff8e910a
26/01641/FUL	Pending Consideration	Preston-on-Stour		none			small (1-9)		full	1	1	2026-06-30	2026-08-25		Land Off Preston Lane Preston-on-Stour	Erection of one self-build dwelling	https://apps.stratford.gov.uk/Eplanningv2/AppDetail/Index/ae676749-c6e2-cbf1-ec9b-08ded7513e99
26/02322/COUQ	Pending Consideration	Priors Hardwick	southam	MRC			small (1-9)		prior-approval	1	1	2026-10-02	2026-11-27		Home Farm London End Priors Hardwick Southam	Application for a determination as to whether the Council's prior approval is required in respect of a proposal to change the use of an existing agricultural building to a single dwellinghouse with associated building operations pursuant to	https://apps.stratford.gov.uk/Eplanningv2/AppDetail/Index/60df0421-1d4c-c3f1-b9aa-08df132b4a37
26/00446/PIP	Pending Consideration	Quinton	lower quinton	1			small (1-9)		pip	9	9	2026-02-10	2026-03-17		Land On The East Side Of Goose Lane Lower Quinton	Erection of up to 9 dwellings	https://apps.stratford.gov.uk/Eplanningv2/AppDetail/Index/c66b1588-3309-caae-0e36-08de6fa82540
26/00800/FUL	Pending Consideration	Quinton	upper quinton	1			small (1-9)		full	4	4	2026-03-27	2026-05-22		Land At Lawyers Field Meon Close Upper Quinton	Erection of four dwellinghouses with associated garages, formation of one new vehicular access and the adaptation of existing turning head to form an additional vehicular access, together with all associated works	https://apps.stratford.gov.uk/Eplanningv2/AppDetail/Index/668b46a7-6123-c622-3a47-08de9088f639
26/00359/OUT	Pending Consideration	Ratley & Upton		none			major (10+)		outline	15	15	2026-07-29	2026-11-30		Hornton Masonary Company Edgehill Banbury	Outline planning application for demolition of the existing buildings at the former Hornton Masonry Company, Edgehill and erection of up to 15 no. dwellings, with all matters reserved except for access	https://apps.stratford.gov.uk/Eplanningv2/AppDetail/Index/fa7ed7ef-1963-c60d-10a6-08de68ae1cfe
26/02197/FUL	Pending Consideration	Ratley & Upton		none			small (1-9)		full	1	1	2026-09-02	2026-10-28		Land At Grove End Edgehill	Construction of a three bedroom local needs self-build dwelling with all associated works.	https://apps.stratford.gov.uk/Eplanningv2/AppDetail/Index/5122c0ab-adba-c595-1bc7-08df0dbd56b3
26/01505/FUL	Pending Consideration	Sambourne		none	GB		small (1-9)		full	2	2	2026-06-10	2026-10-14		Land Adjacent To The Why Not The Ridgeway Astwood Bank	Erection of 2 dwellings and associated works	https://apps.stratford.gov.uk/Eplanningv2/AppDetail/Index/7f8d7293-1c77-cbe4-279e-08dec7cd0568
26/01623/FUL	Pending Consideration	Sambourne	studley	MRC	GB		major (10+)		full	106	106	2026-06-26	2026-09-25		Land On The South-West Side Of Node Hill Studley	Full planning application for the erection of 106 dwellings (Use Class C3) with public open space, children's play area and cycle path, landscaping, sustainable drainage system, and other associated works, with access from the A448 Node Hil	https://apps.stratford.gov.uk/Eplanningv2/AppDetail/Index/a05f1165-a711-c854-4f6e-08ded5e1dc93
26/01835/FUL	Pending Consideration	Sambourne		none	GB		small (1-9)		full	1	0	2026-07-24	2026-10-30		Eastern Hill Farm Evesham Road Astwood Bank Redditch	Erection of replacement dwelling	https://apps.stratford.gov.uk/Eplanningv2/AppDetail/Index/ad5ccb12-9fe3-cc70-033b-08dee9736d38
24/00303/OUT	Pending Consideration	Shipston-on-Stour	shipston-on-stour	MRC			major (10+)		outline	34	34	2024-06-25	2026-06-12		Land At Hansen Farm Webb Road Shipston-on-Stour	Outline planning application for the erection of up to 34no. dwellings (including up to 12no. affordable dwellings). Matters relating to appearance, landscaping, layout and scale are reserved. Access is submitted.	https://apps.stratford.gov.uk/Eplanningv2/AppDetail/Index/6cbdaac4-7f20-cd04-0bf4-08dc67b3e5c5
25/01521/OUT	Pending Consideration	Shipston-on-Stour	shipston-on-stour	MRC			major (10+)		outline	102	102	2025-06-25	2026-11-06		Land North Of Darlingscote Road Shipston-on-Stour	Construction of up to 102 dwellings with private gardens and garages/parking; provision of a vehicular access onto Darlingscote Road; and provision of new roads, public open space and drainage works across the site.	https://apps.stratford.gov.uk/Eplanningv2/AppDetail/Index/22f382da-5bc5-cfa1-33e7-08ddb8ab14bc
25/01810/OUT	Pending Consideration	Shipston-on-Stour	shipston-on-stour	MRC			major (10+)		outline	100	100	2025-07-28	2026-11-06		Land North Of Tilemans Lane Shipston-on-Stour	Construction of up to 100 dwellings with private gardens and garages/parking; provision of a vehicular access onto Tilemans Lane; and provision of new roads, public open space and drainage works across the site	https://apps.stratford.gov.uk/Eplanningv2/AppDetail/Index/0f656b14-9b69-cd1e-a4a8-08ddce9d129d
25/01843/OUT	Pending Consideration	Shipston-on-Stour	shipston-on-stour	MRC			major (10+)		outline	90	90	2025-09-15	2026-05-20		Land South Of Darlingscote Road Shipston-on-Stour	Outline Planning Application, with all matters reserved except access, for up to 90 residential dwellings, public open space, landscaping, sustainable drainage and all associated works	https://apps.stratford.gov.uk/Eplanningv2/AppDetail/Index/c5c6cceb-0a51-cd99-2ab9-08ddd4bdde35
25/01863/OUT	Pending Consideration	Shipston-on-Stour	shipston-on-stour	MRC			major (10+)		outline	120	120	2025-08-28	2026-10-02		Land Off Shoulderway Lane Shipston-on-Stour	Outline planning application for the erection of up to 120 dwellings (including affordable housing), with public open space, a sustainable drainage system (SuDS) and a vehicular access point. All matters to be reserved, except for means of 	https://apps.stratford.gov.uk/Eplanningv2/AppDetail/Index/af3a2bc2-2bcf-ca43-a79b-08ddd6897749
25/03144/OUT	Pending Consideration	Shipston-on-Stour	shipston-on-stour	MRC			major (10+)		outline	110	110	2025-12-22	2026-04-30		Land Off Hanson Avenue Shipston-on-Stour	Outline planning application for a residential development up to 110 dwellings, open space, community garden/orchard, landscaping, drainage features and associated infrastructure. Detailed approval is sought for principal means of access fr	https://apps.stratford.gov.uk/Eplanningv2/AppDetail/Index/dd7d1b1a-9b96-c3eb-1bcf-08de4d2f6966
26/02077/FUL	Pending Consideration	Shipston-on-Stour	shipston-on-stour	MRC			small (1-9)		full	1	1	2026-08-19	2026-10-14		Mount Farm Cottage Campden Road Shipston-on-Stour	Proposed Self-Build Dwelling	https://apps.stratford.gov.uk/Eplanningv2/AppDetail/Index/2fd58db1-5e9a-cbc9-8159-08defdc1272a
23/01948/FUL	Pending Consideration	Southam	southam	MRC			major (10+)	conv	full	11	11	2023-07-21	2025-11-28		The Grange Coventry Road Southam Warwickshire	Conversion of grade II listed building from office use into 11 apartments, including partial demolition of building, construction of extensions and other alterations; minor engineering works within grounds to improve existing parking and ci	https://apps.stratford.gov.uk/Eplanningv2/AppDetail/Index/10f42eb5-b70f-ccd9-1218-08dc682962b8
25/00346/OUT	Pending Decision	Southam	southam	MRC			major (10+)		outline	217	217	2025-04-28	2026-10-30	2026-08-26	Home Farm Land Off A423 Southam	Outline planning application for up to 217 dwellings, public open space, together with landscaping and associated infrastructure (all matters reserved)	https://apps.stratford.gov.uk/Eplanningv2/AppDetail/Index/9f47acab-e107-cab1-a149-08dd558495fd
25/00347/FUL	Pending Decision	Southam	southam	MRC			small (1-9)		full	0	0	2025-04-28	2026-10-30	2026-09-23	Home Farm Land Off A423 Southam	Provision of new traffic island, pedestrian crossing, tie in and associated works to deliver up to 217 houses with all matters reserved	https://apps.stratford.gov.uk/Eplanningv2/AppDetail/Index/d7223553-51c8-c7a1-fd97-08dd4f68a98c
25/00831/FUL	Pending Decision	Southam	southam	MRC			major (10+)		full	21	21	2025-04-01	2026-08-21	2025-11-19	Warwickshire Police Authority Southam Police Station High Street Southam	Redevelopment of site including demolition of existing building to provide specialised supported housing (SSH) accommodation comprising 21 self-contained one-bedroom apartments (Use Class C3(b)), together with associated parking, open space	https://apps.stratford.gov.uk/Eplanningv2/AppDetail/Index/58ca6858-b754-c831-4a34-08dd70ee55c1
25/02540/FUL	Pending Consideration	Southam	southam	MRC			small (1-9)	conv	full	6	6	2025-10-16	2026-08-14		Our Ladys Convent Wood Street Southam	Conversion of former convent building to provide six residential dwellings including the provision of new pitched roofs over part of the existing building, part demolition of rear extensions, extended car park and other associated works alo	https://apps.stratford.gov.uk/Eplanningv2/AppDetail/Index/39bac1e0-d9e7-c236-75c8-08de0ca490d0
25/00823/OUT	Pending Consideration	Stockton	stockton	2			major (10+)		outline	75	75	2025-05-09	2026-07-23		Land At Sycamore Close Stockton	Outline application for the erection of up to 75 dwellings, associated infrastructure and biodiversity enhancements, with all matters reserved except for access to the site from Sycamore Close, and a temporary construction access from the A	https://apps.stratford.gov.uk/Eplanningv2/AppDetail/Index/207053e9-1cf6-cd81-456a-08dd77773c9e
25/01134/FUL	Pending Consideration	Stratford-upon-Avon	stratford-upon-avon	town			small (1-9)	conv	full	0	0	2025-07-07	2026-08-31		Oak And Willow House The Willows North Stratford-upon-Avon	Conversion of former student accommodation to residential use, with car parking.	https://apps.stratford.gov.uk/Eplanningv2/AppDetail/Index/6b20311a-ca77-c18f-8d1d-08dd8f0b97f0
25/01649/FUL	Pending Decision	Stratford-upon-Avon	stratford-upon-avon	town			major (10+)		full	65	65	2025-07-15	2025-10-14	2026-07-29	Land At Alcester Road Alcester Road Stratford-upon-Avon	Full planning application for the erection of 65 affordable dwellings and associated highway works, garages, parking, landscaping, drainage works and associated features, open space, and all other associated works/infrastructure.	https://apps.stratford.gov.uk/Eplanningv2/AppDetail/Index/c0408493-dc0d-ca03-d5af-08ddbf92f52a
25/02167/FUL	Pending Consideration	Stratford-upon-Avon	stratford-upon-avon	town			major (10+)		full	23	23	2025-12-08	2026-03-09		Stratford-upon-Avon Rugby Football Club Ltd Pearcecroft Loxley Road Stratford-upon-Avon	Demolition of existing clubhouse, replacement with new clubhouse, gym, changing and community facilities building; upgrade of existing pitches; additional car parking with upgraded access roads; redevelopment of former clubhouse space and a	https://apps.stratford.gov.uk/Eplanningv2/AppDetail/Index/25648105-ea2a-c028-4756-08ddec976048
25/02533/OUT	Pending Consideration	Stratford-upon-Avon	stratford-upon-avon	town			major (10+)		outline	580	580	2025-10-15	2026-04-22		Land At West Shottery Stratford-upon-Avon	Outline planning application with all matters reserved for future determination, save for access via the Shottery Western Relief Road, for the erection of up to 580 dwellings, community park, cafe, landscaping, open space, drainage, infrast	https://apps.stratford.gov.uk/Eplanningv2/AppDetail/Index/0e6bc07f-abdd-c02c-f379-08de16de8375
25/02596/OUT	Pending Consideration	Stratford-upon-Avon	stratford-upon-avon	town			major (10+)		outline	265	265	2025-11-20	2026-10-30		Land East Of Shipston Road And Part Of Bridgetown Community Woodland And Meadowland Stratford-upon-Avon	Outline application, with all matters reserved ( relating to appearance, landscaping, layout and scale) except for access for the erection of up to 265 dwellings, creation of access (entrance roundabout) from Shipston Road and associated hi	https://apps.stratford.gov.uk/Eplanningv2/AppDetail/Index/ce3e8265-1c9e-cb3e-69bc-08de1c586372
26/00888/FUL	Pending Consideration	Stratford-upon-Avon	stratford-upon-avon	town			small (1-9)		full	1	1	2026-04-23	2026-09-16		Arden House Stratford-upon-Avon	Erection of a single self-build, flood-resilient family dwelling and garage within Alveston	https://apps.stratford.gov.uk/Eplanningv2/AppDetail/Index/8151c115-b634-c850-9d37-08de970b95ac
26/01144/OUT	Pending Consideration	Stratford-upon-Avon	stratford-upon-avon	town			small (1-9)		outline	4	4	2026-05-07	2026-11-06		Hillside Bordon Hill Stratford-upon-Avon	Outline planning application for the erection of up to 4 detached dwellings and upgrading of existing vehicular access, (all matters reserved other than the means of access from the B439 Bordon Hill)	https://apps.stratford.gov.uk/Eplanningv2/AppDetail/Index/137e01d2-b397-c654-3b34-08deac3195db
26/01689/OUT	Pending Consideration	Stratford-upon-Avon	stratford-upon-avon	town			small (1-9)	conv	outline	6	6	2026-07-28	2026-09-22		Stratford Car Centre Bordon Hill Garage Bordon Hill Stratford-upon-Avon	Outline planning permission for the erection of 6 self and custom build houses including the conversion of existing garage to a bungalow, associated open space, parking and works with all matters reserved for future approval.	https://apps.stratford.gov.uk/Eplanningv2/AppDetail/Index/e3ae6dc9-3cf2-cd2f-cca5-08dedc06d825
26/01935/FUL	Pending Consideration	Stratford-upon-Avon	stratford-upon-avon	town			small (1-9)		full	1	1	2026-08-20	2026-11-06		River Reach Ferry Lane Alveston Stratford-upon-Avon	Proposed self-build dwelling on existing foundations of demolished dwelling and alteration to existing ancillary Boat House annexe	https://apps.stratford.gov.uk/Eplanningv2/AppDetail/Index/3950005e-034f-c349-dcbb-08def1f767e8
26/02016/FUL	Pending Consideration	Stratford-upon-Avon	stratford-upon-avon	town			small (1-9)		full	1	0	2026-09-03	2026-10-29		Croft House Banbury Road Stratford-upon-Avon	Erection of new dwelling (In lieu of lawful dwelling known as the The Bird Box ) and retention of existing building (known as the The Bird Box ) as ancillary accommodation in connection with the property Croft House and associated works.	https://apps.stratford.gov.uk/Eplanningv2/AppDetail/Index/7e17dc40-9f17-c07c-7f5d-08def840098f
26/02030/FUL	Pending Consideration	Stratford-upon-Avon	stratford-upon-avon	town			small (1-9)		full	6	4	2026-08-10	2026-10-23		Alveston Hill Farm Alveston Stratford-upon-Avon	Construction of 5no. new dwellings and 1no. replacement dwelling (in lieu of extant permission, ref: 25/02463/COUQ, and approved extensions to existing cottage).	https://apps.stratford.gov.uk/Eplanningv2/AppDetail/Index/9b01aeb3-2ea4-cdfd-de18-08def9194a67
26/02209/FUL	Pending Consideration	Stratford-upon-Avon	stratford-upon-avon	town			small (1-9)	conv	full	5	5	2026-09-02	2026-10-28		The Paddock (former Salmon Tail) 37 Evesham Road Stratford-upon-Avon	Change of use and extension of the existing building to provide a ground floor retail unit and four residential flats across the first and second floors, and the construction of a detached dwelling within the existing car park area.	https://apps.stratford.gov.uk/Eplanningv2/AppDetail/Index/0c436487-bcfb-c937-d9ea-08df0db7860d
25/00989/FUL	Pending Consideration	Studley	studley	MRC			major (10+)	conv	full	13	13	2025-11-14	2026-03-20		Castle Farm Studley	Application for the change of use, conversion, part demolition and extension of the agricultural building to create 13 residential units with ancillary landscaping works	https://apps.stratford.gov.uk/Eplanningv2/AppDetail/Index/03558883-b745-ca31-673a-08dd830db63a
26/00890/OUT	Pending Consideration	Studley	studley	MRC	GB		small (1-9)		outline	4	4	2026-04-21	2026-09-30		Land At Brickyard Lane Studley	Outline application with all matters reserved (except for access) for the erection of 4 dwellings and associated works, including demolition of existing buildings.	https://apps.stratford.gov.uk/Eplanningv2/AppDetail/Index/1e54a59f-e6ad-c71a-1ab4-08de97198dd7
26/02233/FUL	Pending Consideration	Studley	studley	MRC			small (1-9)		full	2	2	2026-09-07	2026-11-02		Garage Block Archer Close Studley	Demolition of former garage block and erection of 2no. dwellings	https://apps.stratford.gov.uk/Eplanningv2/AppDetail/Index/68716925-85dd-ccd7-3538-08df0f447482
26/02415/PIP	Pending Consideration	Studley	studley	MRC	GB		small (1-9)		pip	9	9	2026-09-22	2026-10-27		Poplar Industrial Estate Redditch Road Studley	Permission in principle for up to 9 dwellings	https://apps.stratford.gov.uk/Eplanningv2/AppDetail/Index/5ecfa321-4bef-cc95-cf53-08df1b083fe9
24/02382/FUL	Pending Consideration	Tanworth-in-Arden	earlswood	3	GB	washed-over village	major (10+)		full	11	11	2024-11-26	2026-07-17		Land Adjacent To 141 Earlswood Common Earlswood	Local Affordable Housing Needs Scheme for 11 dwellings and associated works	https://apps.stratford.gov.uk/Eplanningv2/AppDetail/Index/41aa3cb4-1568-c29f-2fe1-08dcd8bd2613
25/03083/PIP	Pending Consideration	Tanworth-in-Arden	earlswood	3	GB	washed-over village	small (1-9)		pip	1	1	2025-12-11	2026-03-09		Land Off Forshaw Heath Lane Earlswood	Construction of dwellinghouses.	https://apps.stratford.gov.uk/Eplanningv2/AppDetail/Index/8e4a1290-1bcd-c892-7ccc-08de3caabd09
26/00404/FUL	Pending Consideration	Tanworth-in-Arden	tanworth-in-arden	4	GB	washed-over village	small (1-9)		full	1	1	2026-03-17	2026-08-14		Telephone Exchange Vicarage Hill Tanworth-in-Arden	Demolition of former telephone exchange building and erection of a 2-bed detached dwelling	https://apps.stratford.gov.uk/Eplanningv2/AppDetail/Index/aaa84461-9c13-c407-c3b6-08de6d4b487c
26/00410/FUL	Pending Decision	Tanworth-in-Arden	tanworth-in-arden	4	GB	washed-over village	small (1-9)		full	3	2	2026-02-16	2026-05-15	2026-10-07	Ravenstone Well Lane Tanworth-in-Arden Solihull	Demolition of dwellinghouse and erection of three houses and associated works.	https://apps.stratford.gov.uk/Eplanningv2/AppDetail/Index/54badef2-4f4f-c5ae-3338-08de752b1bac
26/01303/FUL	Pending Consideration	Tanworth-in-Arden	tanworth-in-arden	4	GB		small (1-9)	conv	full	3	3	2026-06-11	2026-10-30		Warings Green Farm Warings Green Road Hockley Heath Solihull	Full planning and listed building consent application for the conversion and change of use of traditional brick barns to 3 no. dwellings and associated works	https://apps.stratford.gov.uk/Eplanningv2/AppDetail/Index/3b14d2a7-e225-cd38-d4c9-08deb7fa61e2
26/01305/FUL	Pending Consideration	Tanworth-in-Arden	tanworth-in-arden	4	GB		small (1-9)		full	8	8	2026-06-11	2026-10-30		Warings Green Farm Warings Green Road Hockley Heath Solihull	Full planning application for the demolition of redundant contemporary agricultural buildings and the erection of 8 no. dwellings together with parking, landscaping and associated works.	https://apps.stratford.gov.uk/Eplanningv2/AppDetail/Index/02b09d33-8a28-c8d2-c9ed-08deb7fb13f6
26/01394/PIP	Pending Consideration	Tanworth-in-Arden	tanworth-in-arden	4	GB	washed-over village	small (1-9)		pip	6	5	2026-05-28	2026-11-02		Park Farm Aspley Heath Lane Tanworth-in-Arden Solihull	Permission in principle for the demolition of dwellinghouse and other buildings within the red line boundary and erection of up to 6 dwellinghouses with a minimum of 1 dwellinghouse	https://apps.stratford.gov.uk/Eplanningv2/AppDetail/Index/6aa85b73-b84d-c8bb-3da2-08debfd0784a
26/01686/PIP	Pending Consideration	Tanworth-in-Arden	earlswood	3	GB	washed-over village	small (1-9)		pip	2	2	2026-07-04	2026-11-06		Broadmead Barns Land Adjacent Forshaw Heath Road Earlswood Solihull	Erection of up to two dwellings and associated development	https://apps.stratford.gov.uk/Eplanningv2/AppDetail/Index/dd5507bb-5762-c0d0-1560-08dedc008efc
26/01717/FUL	Pending Consideration	Tanworth-in-Arden	tanworth-in-arden	4	GB	washed-over village	small (1-9)		full	3	3	2026-07-09	2026-09-03		The Paddock Poolhead Lane Tanworth-in-Arden Solihull	Redevelopment of lawful 3 x pitch Gypsy and Traveler site for 3 residential dwellings and associated works.	https://apps.stratford.gov.uk/Eplanningv2/AppDetail/Index/89a24249-25c9-c97f-9b0e-08deddaaa9f8
26/01980/PIP	Pending Consideration	Tanworth-in-Arden	tanworth-in-arden	4	GB	washed-over village	small (1-9)		pip	1	1	2026-08-03	2026-10-06		Ladbrook Hall West Penn Lane Tanworth-in-Arden Solihull	Permission in Principle for the demolition of existing equine buildings and erection of 1 no. dwelling and associated works.	https://apps.stratford.gov.uk/Eplanningv2/AppDetail/Index/78d9139f-094c-c90b-d682-08def49815bf
26/02031/FUL	Pending Consideration	Tanworth-in-Arden	earlswood	3	GB	washed-over village	small (1-9)	conv	full	2	1	2026-08-25	2026-10-20		Bayberry Meadows Glebe Farm House Small Lane Earlswood Solihull	Proposed subdivision to form 2no. residential dwellings.	https://apps.stratford.gov.uk/Eplanningv2/AppDetail/Index/9bfc76c0-ff45-c33a-e973-08def919f97a
26/02116/FUL	Pending Consideration	Tanworth-in-Arden	earlswood	3	GB	washed-over village	small (1-9)		full	1	0	2026-08-24	2026-10-19		Whitegates 60 Earlswood Common Earlswood Solihull	Demolition of existing dwelling and construction of replacement dwelling	https://apps.stratford.gov.uk/Eplanningv2/AppDetail/Index/e03ed658-c47f-cc95-9dc2-08df0446e463
25/00911/FUL	Pending Consideration	Tredington	shipston-on-stour	MRC			small (1-9)	conv	full	1	1	2025-08-29	2025-11-14		Camperdown Farm Darlingscott Shipston-on-Stour	Conversion of barn to form single dwelling	https://apps.stratford.gov.uk/Eplanningv2/AppDetail/Index/c10509a6-b1d0-c16b-1aa1-08dd7db98f2f
25/02906/FUL	Pending Consideration	Tredington	shipston-on-stour	MRC			small (1-9)		full	4	4	2025-12-10	2026-02-04		Fosse Close Old Fosse Way Tredington Shipston-on-Stour	Residential development of four detached dwellings	https://apps.stratford.gov.uk/Eplanningv2/AppDetail/Index/117ca270-ad05-ca32-9e2e-08de2da5875c
25/00737/FUL	Pending Consideration	Tysoe	tysoe	2			major (10+)		full	31	31	2025-04-17	2025-07-17		Land Off Sandpits Road Tysoe	Development of 31 new residential dwellings including 11 units of affordable housing, with new vehicular and pedestrian accesses, public open space, landscaping and other associated works	https://apps.stratford.gov.uk/Eplanningv2/AppDetail/Index/f961492e-d2a1-c848-4c55-08dd704c4a98
26/00290/FUL	Pending Consideration	Tysoe	upper tysoe	2			small (1-9)	conv	full	2	2	2026-02-03	2026-10-22		Winchcombe Farm Shenington Road Upper Tysoe Warwick	Change of use of 2no. buildings from residential holiday let usage to 2no. residential dwellings. No changes to internal or external layout or appearance.	https://apps.stratford.gov.uk/Eplanningv2/AppDetail/Index/e605c667-d3b8-c4f4-ddb9-08de63468ca2
26/00616/PIP	Pending Consideration	Ullenhall		none	GB		small (1-9)		pip	9	9	2026-03-02	2026-04-06		Land Off Watery Lane Ullenhall	Erection of up to 9 dwellings	https://apps.stratford.gov.uk/Eplanningv2/AppDetail/Index/4ebccddf-95f7-c949-d7cf-08de7eb5c0e4
24/01820/FUL	Pending Decision	Upper Lighthorne	lighthorne heath	2			major (10+)		full	35	34	2024-07-22	2025-12-12	2025-02-05	Land At Kingston Fields Farm North Of Banbury Road Lighthorne Heath	Full application for the demolition of an existing dwelling and outbuildings, erection of 35 dwellings and associated works including felling of (Category C) trees.	https://apps.stratford.gov.uk/Eplanningv2/AppDetail/Index/9f8efbd8-5b52-c6a6-616b-08dcb2090a47
25/02145/OUT	Pending Consideration	Welford-on-Avon	welford-on-avon	2			major (10+)		outline	39	39	2025-09-04	2026-05-29		Land North Of Milcote Road Welford-on-Avon	Outline planning application with all matters reserved except for access, for up to 39 dwellings, public open space, landscaping, sustainable drainage and all associated works.	https://apps.stratford.gov.uk/Eplanningv2/AppDetail/Index/f66612a9-135c-c1e9-d923-08ddebc309a4
26/01039/FUL	Pending Consideration	Welford-on-Avon	stratford-upon-avon	town			small (1-9)		full	3	3	2026-05-14	2026-11-20		3 Blundells Croft Welford-on-Avon Stratford-upon-Avon	Erection of 3 single storey dwelling houses (use class C3) together with associated access, turning facilities, parking and landscaping	https://apps.stratford.gov.uk/Eplanningv2/AppDetail/Index/6f05b149-bd93-c585-b53e-08dea2145188
26/01674/PIP	Pending Consideration	Welford-on-Avon	welford on avon	2			small (1-9)		pip	2	2	2026-07-01	2026-10-14		Land South Of Elm Leys Hunt Hall Lane Welford On Avon	Erection of up to 2 dwellings	https://apps.stratford.gov.uk/Eplanningv2/AppDetail/Index/8721d064-b3a5-c52a-6d6a-08dedb3f1614
26/02330/FUL	Pending Consideration	Welford-on-Avon	stratford-upon-avon	town			small (1-9)	conv	full	1	1	2026-09-16	2026-11-11		Bay Trees Binton Stratford-upon-Avon	Change of use of the existing building from holiday accommodation to a single dwellinghouse, together with an extension to the garden area	https://apps.stratford.gov.uk/Eplanningv2/AppDetail/Index/048ff288-b0b4-cf45-333a-08df13e3a05c
25/01144/FUL	Pending Consideration	Wellesbourne & Walton	wellesbourne	MRC			small (1-9)	conv	full	1	1	2025-05-20	2025-07-15		Pitt Farm Hunscote Lane Wellesbourne Warwick	Proposed change of use of redundant barn to 1no. dwelling.	https://apps.stratford.gov.uk/Eplanningv2/AppDetail/Index/5b7ac2a4-9018-c041-68a1-08dd916660ca
25/02377/OUT	Pending Consideration	Wellesbourne & Walton	wellesbourne	MRC			major (10+)		outline	67	67	2025-12-05	2026-05-20		Land South Of Walton Road Wellesbourne	Outline Planning Application, with all matters reserved except access, for the demolition of existing agricultural buildings, and creation of up to 67 residential dwellings, public open space, landscaping, sustainable drainage and all assoc	https://apps.stratford.gov.uk/Eplanningv2/AppDetail/Index/b3a0208b-86ce-cc6b-e76b-08de05a222c8
25/02935/OUT	Pending Consideration	Wellesbourne & Walton	wellesbourne	MRC			major (10+)		outline	100	100	2026-01-05	2026-04-06		Land West Of Kineton Road Wellesbourne	Outline planning application (with all matters reserved apart from access) for a development comprising up to 100 dwellings (Use Class C3) and associated infrastructure and operations including but not limited to sustainable urban drainage 	https://apps.stratford.gov.uk/Eplanningv2/AppDetail/Index/1bb547cf-c2a0-c06f-7f25-08de3710bb1f
25/03158/OUT	Pending Consideration	Wellesbourne & Walton	wellesbourne	MRC			major (10+)		outline	40	40	2026-02-20	2026-05-22		Land East Of Warwick Road Wellesbourne	Outline planning application for a development comprising up to 40 dwellings (Use Class C3) and the creation of associated vehicular access to Warwick Road, associated infrastructure and operations including but not limited to sustainable u	https://apps.stratford.gov.uk/Eplanningv2/AppDetail/Index/ea7a7170-d74a-c429-b143-08de4e8bf3b8
26/00792/OUT	Pending Consideration	Wellesbourne & Walton	wellesbourne	MRC			major (10+)		outline	270	270	2026-05-12	2026-08-11		Land East Of Loxley Road Wellesbourne	Hybrid planning application consisting of: 1) Full application for the erection of 119 homes (including affordable homes) including new vehicular access onto Loxley Road, landscaping, open space (including a community green and play areas),	https://apps.stratford.gov.uk/Eplanningv2/AppDetail/Index/4cf039c9-485e-c47c-c7d6-08de9002342e
26/01367/FUL	Pending Consideration	Wellesbourne & Walton	wellesbourne	MRC			small (1-9)	conv	full	1	1	2026-06-18	2026-10-30		Wellesbourne Hall Stratford Road Wellesbourne Warwick	Repair and change of use of the Coach House to form a residential dwelling (use class C3); demolition of a single storey annex; formation of refuse store adjacent to the existing access from Stratford Road.	https://apps.stratford.gov.uk/Eplanningv2/AppDetail/Index/1f4bc238-c13a-c569-db55-08debca8fc3c
25/00320/FUL	Pending Consideration	Whichford And Ascott	shipston-on-stour	MRC			small (1-9)	conv	full	3	3	2025-03-11	2025-05-06		Leasowe Farm Whichford Shipston-on-Stour	Alterations to and conversion of a range of barns, cottages and outbuildings to form three dwellings, provision of gardens and parking and other related works	https://apps.stratford.gov.uk/Eplanningv2/AppDetail/Index/b4e29b61-bbf9-c49c-8b23-08dd4a737dbf
26/01178/FUL	Pending Consideration	Wilmcote	stratford-upon-avon	town	GB	washed-over village	small (1-9)		full	1	1	2026-09-03	2026-10-29		Lark Rise Station Road Wilmcote Stratford-upon-Avon	Retrospective application for a self-build dwelling	https://apps.stratford.gov.uk/Eplanningv2/AppDetail/Index/fe7fb338-ef51-c976-f57a-08deaf6ec948
26/02356/PIP	Pending Consideration	Wilmcote	stratford-upon-avon	town	GB		small (1-9)		pip	5	5	2026-09-15	2026-10-20		Arden Hill Farm Birmingham Road Pathlow Stratford-upon-Avon	Proposal for five dwellings on 0.49 ha site.	https://apps.stratford.gov.uk/Eplanningv2/AppDetail/Index/dae1b81b-72cf-c6bd-625e-08df157b76ba
25/02584/FUL	Pending Consideration	Wixford		none			major (10+)	conv	full	32	32	2025-10-10	2026-01-09		Wixford Grange Wixford	Change of Use of land currently as an established Holiday Park to permanent residential accommodation for 32 no. caravan/lodges	https://apps.stratford.gov.uk/Eplanningv2/AppDetail/Index/6635d8f0-45df-c11e-ca88-08de10a5f406
26/00583/PIP	Pending Consideration	Wootton Wawen	Henley-in-Arden (edge)	MRC	GB	washed-over village	small (1-9)		pip	9	9	2026-03-30	2026-05-04		Field Farm Pennyford Lane Wootton Wawen Henley-in-Arden	The erection of 1 to 9 dwellings	https://apps.stratford.gov.uk/Eplanningv2/AppDetail/Index/3578119e-2ccf-c358-d663-08de7b75dc3c
26/02084/OUT	Pending Consideration	Wootton Wawen	Henley-in-Arden (edge)	MRC	GB		major (10+)		outline	265	265	2026-08-19	2026-11-18		Land To The South Of Henley-in-Arden	Outline planning application with all matters reserved, except for access into and out of the site, for the development of up to 265 residential units (Use Class C3), open space, hard and soft landscaping, highways works, infrastructure wor	https://apps.stratford.gov.uk/Eplanningv2/AppDetail/Index/1a789a8a-8a23-c157-f10e-08df035a6d84
26/02325/PIP	Pending Consideration	Wootton Wawen	Henley-in-Arden (edge)	MRC	GB	washed-over village	small (1-9)		pip	2	2	2026-09-11	2026-10-16		Elmhurst Farm Wawensmere Road Wootton Wawen Henley-in-Arden	Proposal for two dwellings on 0.19 ha site.	https://apps.stratford.gov.uk/Eplanningv2/AppDetail/Index/44fa8d12-fa8f-c0dc-8d5b-08df133be5fd
26/02155/FUL	Pending Consideration	Wormleighton		none			small (1-9)	conv	full	1	1	2026-08-27	2026-10-22		The Former School Wormleighton	Conversion of redundant former school to provide two-bed older persons dwelling	https://apps.stratford.gov.uk/Eplanningv2/AppDetail/Index/c4b3d1e3-e71e-c5a4-b1ab-08df0a660b08
