ref	decision_date	outcome	case_type	procedure	site	lpa	appeal_ref	decision_pdf
3345455	2026-09-03	Notice Upheld Appeal Decision 3345455 .p	Enforcement Notice Appeal	Written representations	Willow Tree Farm Love Lane IVER SL0 9QZ	Buckinghamshire Council - South Area (South Bucks)	APP/N0410/C/24/3345455	https://acp.planninginspectorate.gov.uk/ViewDocument.aspx?fileid=66032648
3345486	2026-08-20	Invalid Appeal Decision 3345486 & 334548	Enforcement Notice Appeal	Written representations	17 Hollycroft Avenue WEMBLEY HA9 8LG	London Borough of Brent	APP/T5150/C/24/3345486	https://acp.planninginspectorate.gov.uk/ViewDocument.aspx?fileid=65976937
3345487	2026-08-20	Quashed on legal grounds Appeal Decision	Enforcement Notice Appeal	Written representations	17 Hollycroft Avenue WEMBLEY HA9 8LG	London Borough of Brent	APP/T5150/C/24/3345487	https://acp.planninginspectorate.gov.uk/ViewDocument.aspx?fileid=65975512
3345505	2026-08-17	Notice Upheld 3345505 Appeal Decision.pd	Enforcement Notice Appeal	Written representations	102D Dartmouth Road LONDON NW2 4HB	London Borough of Brent	APP/T5150/C/24/3345505	https://acp.planninginspectorate.gov.uk/ViewDocument.aspx?fileid=65961983
3345670	2026-09-09	Dismissed Appeal Decision 3345670 .pdf	Lawful Development Certificate Appeal	Written representations	Link Park Heathrow Thorney Mill Road WEST DRAYTON UB7 7EZ	Buckinghamshire Council - South Area (South Bucks)	APP/N0410/X/24/3345670	https://acp.planninginspectorate.gov.uk/ViewDocument.aspx?fileid=66055261
3350202	2026-08-27	Allowed Appeal Decision 3350202.pdf	Lawful Development Certificate Appeal	Written representations	Bridge Farm Bartletts Bridge Cocklake WEDMORE BS28 4HH	Somerset Council	APP/E3335/X/24/3350202	https://acp.planninginspectorate.gov.uk/ViewDocument.aspx?fileid=66006438
3350252	2026-09-01	Notice Upheld Appeal Decision - 3350252 	Enforcement Notice Appeal	Written representations	16 Avon Road Oakley BASINGSTOKE RG23 7DJ	Basingstoke and Deane Borough Council	APP/H1705/C/24/3350252	https://acp.planninginspectorate.gov.uk/ViewDocument.aspx?fileid=66024416
3350253	2026-09-01	Notice Upheld	Enforcement Notice Appeal	Written representations	16 Avon Road Oakley BASINGSTOKE RG23 7DJ	Basingstoke and Deane Borough Council	APP/H1705/C/24/3350253	
3350293	2026-09-04	Notice varied and upheld 3350293 -DL.pdf	Enforcement Notice Appeal	Written representations	The Hideaway, 23A Malyon Court Close Benfleet Essex SS7 1TX	Castle Point Borough Council	APP/M1520/C/24/3350293	https://acp.planninginspectorate.gov.uk/ViewDocument.aspx?fileid=66037364
3350783	2026-09-22	Allowed 3350783 Appeal Decision.pdf	Lawful Development Certificate Appeal	Written representations	Woodlands South Avenue Langdon Hills Essex SS16 6JG	Thurrock Borough Council	APP/M1595/X/24/3350783	https://acp.planninginspectorate.gov.uk/ViewDocument.aspx?fileid=66107405
3352280	2026-08-28	Allowed APPEAL DECISION 3352280 .pdf COS	Lawful Development Certificate Appeal	Written representations	42 Sylvan Road Exeter EX4 6EY	Exeter City Council	APP/Y1110/X/24/3352280	https://acp.planninginspectorate.gov.uk/ViewDocument.aspx?fileid=66008256
3352368	2026-08-21	Allowed Appeal Decision 3352368.pdf	Lawful Development Certificate Appeal	Written representations	The Barn Woodmans Rest, Bluemans Lane Westfield TN33 0SE	Rother District Council	APP/U1430/X/24/3352368	https://acp.planninginspectorate.gov.uk/ViewDocument.aspx?fileid=65979448
3352540	2026-09-08	Dismissed 3352540 Appeal Decision.pdf	Lawful Development Certificate Appeal	Written representations	108 Mill Road Hawley DA2 7RT	Dartford Borough Council	APP/T2215/X/24/3352540	https://acp.planninginspectorate.gov.uk/ViewDocument.aspx?fileid=66052510
3352876	2026-08-18	Notice varied and upheld APPEAL DECISION	Enforcement Notice Appeal	Written representations	Land to the West of Sole Street Station (Known as Norbond site) Sole Street, Cobham Gravesend Kent DA13 0XY	Gravesham Borough Council	APP/K2230/C/24/3352876	https://acp.planninginspectorate.gov.uk/ViewDocument.aspx?fileid=65966685
3352877	2026-08-18	Notice varied and upheld	Enforcement Notice Appeal	Written representations	Sole Street Gravesend Kent DA13 0XY	Gravesham Borough Council	APP/K2230/C/24/3352877	
3353024	2026-08-24	Notice varied and upheld Decision Letter	Enforcement Notice Appeal	Written representations	825 Eastern Avenue ILFORD IG2 7RZ	London Borough of Redbridge	APP/W5780/C/24/3353024	https://acp.planninginspectorate.gov.uk/ViewDocument.aspx?fileid=65993075
3353209	2026-09-23	Notice varied and upheld Appeal Decision	Enforcement Notice Appeal	Written representations	3 Highbury Gardens ILFORD IG3 8AB	London Borough of Redbridge	APP/W5780/C/24/3353209	https://acp.planninginspectorate.gov.uk/ViewDocument.aspx?fileid=66111687
3353645	2026-09-09	Split Decision Appeal Decision 3353645	Enforcement Notice Appeal	Written representations	Land West of Elizabeth Villa Katherine Road Bowers Gifford Essex SS13 2JX	Basildon Borough Council	APP/V1505/C/24/3353645	https://acp.planninginspectorate.gov.uk/ViewDocument.aspx?fileid=66054357
3353647	2026-08-27	Dismissed Appeal Decision 3353647.pdf	Lawful Development Certificate Appeal	Written representations	Land At 355011 133865 Martin Street Baltonsborough Glastonbury Somerset ba6 8pq	Somerset Council	APP/E3335/X/24/3353647	https://acp.planninginspectorate.gov.uk/ViewDocument.aspx?fileid=66005326
3354105	2026-09-17	Notice Upheld Appeal Decision 3354105.pd	Enforcement Listed Building and Conservation Area Appeal	Written representations	9 Parade PLYMOUTH PL1 2JL	Plymouth City Council	APP/N1160/F/24/3354105	https://acp.planninginspectorate.gov.uk/ViewDocument.aspx?fileid=66083985
3354664	2026-09-21	Dismissed APPEAL DECISION 3354664 .pdf C	Lawful Development Certificate Appeal	Written representations	Coningsby Farm Coningsby Lane Fifield MAIDENHEAD SL6 2PF	Royal Borough of Windsor and Maidenhead	APP/T0355/X/24/3354664	https://acp.planninginspectorate.gov.uk/ViewDocument.aspx?fileid=66104200
3354722	2026-09-21	Notice Upheld Appeal Decision - 3354722_	Enforcement Notice Appeal	Written representations	HILLSIDE NURSERIES BRANCHES LANE THE BANKS LOCKERELY HANTS SO51 6JT	Test Valley Borough Council	APP/C1760/C/24/3354722	https://acp.planninginspectorate.gov.uk/ViewDocument.aspx?fileid=66102565
3354723	2026-09-21	Notice Upheld	Enforcement Notice Appeal	Written representations	HILLSIDE NURSERIES BRANCHES LANE THE BANKS LOCKERELY HANTS SO51 6JT	Test Valley Borough Council	APP/C1760/C/24/3354723	
3354729	2026-09-01	Allowed 3354729 Appeal Decision.pdf	Lawful Development Certificate Appeal	Written representations	The Park Wexham Road Slough Buckinghamshire SL2 5QR	Buckinghamshire Council - South Area (South Bucks)	APP/N0410/X/24/3354729	https://acp.planninginspectorate.gov.uk/ViewDocument.aspx?fileid=66024966
3354830	2026-09-18	Notice Upheld Appeal Decision - 3354830.	Enforcement Listed Building and Conservation Area Appeal	Written representations	Una's Newsagency 5 Buckingham Street AYLESBURY HP20 2LA	Buckinghamshire Council - North Area (Aylesbury)	APP/J0405/F/24/3354830	https://acp.planninginspectorate.gov.uk/ViewDocument.aspx?fileid=66089462
3355070	2026-08-20	Notice Upheld 3355070 and 3355071 - DL.p	Enforcement Notice Appeal	Written representations	Land at Lower Washbourne Farm Totnes Devon TQ9 7UE	South Hams District Council	APP/K1128/C/24/3355070	https://acp.planninginspectorate.gov.uk/ViewDocument.aspx?fileid=65973966
3355071	2026-08-20	Notice Upheld 3355070 and 3355071 - DL.p	Enforcement Notice Appeal	Written representations	Land at Lower Washbourne Farm Totnes Devon TQ9 7UE	South Hams District Council	APP/K1128/C/24/3355071	https://acp.planninginspectorate.gov.uk/ViewDocument.aspx?fileid=65974075
3355074	2026-08-21	Dismissed	Planning Appeal (W)	Written representations	The Lodge, Kingsbury Road London NW9 9HA	London Borough of Brent	APP/T5150/W/24/3355074	
3355120	2026-09-17	Notice varied and upheld Appeal Decision	Enforcement Listed Building and Conservation Area Appeal	Written representations	Greenslade Greenslade lane Sampford Courtenay EX20 2SF	West Devon Borough Council	APP/Q1153/F/24/3355120	https://acp.planninginspectorate.gov.uk/ViewDocument.aspx?fileid=66084205
3355154	2026-08-19	Dismissed Appeal Decision 3355154.pdf	Lawful Development Certificate Appeal	Written representations	Windy Hill Farm Swerford CHIPPING NORTON OX7 4AS	West Oxfordshire District Council	APP/D3125/X/24/3355154	https://acp.planninginspectorate.gov.uk/ViewDocument.aspx?fileid=65971037
3355155	2026-09-10	Notice varied and upheld APPEAL DECISION	Enforcement Notice Appeal	Written representations	204 Blackstock Road London N5 1EN	London Borough of Islington	APP/V5570/C/24/3355155	https://acp.planninginspectorate.gov.uk/ViewDocument.aspx?fileid=66060030
3355156	2026-09-10	Not yet decided	Enforcement Notice Appeal	Written representations	204 Blackstock Road London N5 1EN	London Borough of Islington	APP/V5570/C/24/3355156	
3355640	2026-09-22	Notice varied and upheld Appeal Decision	Enforcement Notice Appeal	Written representations	Land lying to the North West of New Years Lane (and West of Knockholt Farm) Knockholt Sevenoaks Kent TN14 7PQ	London Borough of Bromley	APP/G5180/C/24/3355640	https://acp.planninginspectorate.gov.uk/ViewDocument.aspx?fileid=66108161
3355656	2026-09-18	Quashed on legal grounds APPEAL DECISION	Enforcement Notice Appeal	Written representations	Unit 1D, Woodstock Studios 36 Woodstock Grove London W12 8LE	London Borough of Hammersmith and Fulham	APP/H5390/C/24/3355656	https://acp.planninginspectorate.gov.uk/ViewDocument.aspx?fileid=66088929
3355778	2026-09-15	Notice varied and upheld Appeal Decision	Enforcement Notice Appeal	Written representations	12 Great Lime Kilns Southwater HORSHAM RH13 9JL	Horsham District Council	APP/Z3825/C/24/3355778	https://acp.planninginspectorate.gov.uk/ViewDocument.aspx?fileid=66077615
3355814	2026-09-02	Dismissed APPEAL DECISION 3355814.pdf CO	Lawful Development Certificate Appeal	Written representations	Land south west of Hazel Wood Jackies Lane Newick East Sussex BN8 4FB	Lewes District Council	APP/P1425/X/24/3355814	https://acp.planninginspectorate.gov.uk/ViewDocument.aspx?fileid=66026930
3356264	2026-09-16	Notice varied and upheld Appeal Decision	Enforcement Notice Appeal	Written representations	Flat A, 190 Fordwych Road London NW2 3NX	London Borough of Camden	APP/X5210/C/24/3356264	https://acp.planninginspectorate.gov.uk/ViewDocument.aspx?fileid=66081566
3356534	2026-09-03	Allowed 3356534 - Appeal Decision.pdf	Lawful Development Certificate Appeal	Written representations	Flat 2B Whitley Court, West Cliff Gardens Bournemouth Dorset BH2 5HL	Bournemouth Christchurch and Poole Council	APP/V1260/X/24/3356534	https://acp.planninginspectorate.gov.uk/ViewDocument.aspx?fileid=66033318
3360036	2026-09-10	Notice varied and upheld APPEAL DECISION	Enforcement Notice Appeal	Written representations	56 St. Stephens Road HOUNSLOW TW3 2BQ	London Borough of Hounslow	APP/F5540/C/25/3360036	https://acp.planninginspectorate.gov.uk/ViewDocument.aspx?fileid=66059153
3360103	2026-08-21	Not yet decided	Lawful Development Certificate Appeal	Written representations	19 Inglehurst Gardens ILFORD IG4 5HD	London Borough of Redbridge	APP/W5780/X/25/3360103	
3360464	2026-09-16	Notice varied and upheld	Enforcement Listed Building and Conservation Area Appeal	Written representations	55 High Street HONITON Devon EX14 1PW	East Devon District Council	APP/U1105/F/25/3360464	
3360724	2026-09-18	Notice varied and upheld 3360724 Appeal 	Enforcement Notice Appeal	Written representations	2B Woodberry Down Hackney London N4 2TG	London Borough of Hackney	APP/U5360/C/25/3360724	https://acp.planninginspectorate.gov.uk/ViewDocument.aspx?fileid=66088909
3360742	2026-09-16	Notice varied and upheld Appeal Decision	Enforcement Notice Appeal	Written representations	55 High Street HONITON EX14 1PW	East Devon District Council	APP/U1105/C/25/3360742	https://acp.planninginspectorate.gov.uk/ViewDocument.aspx?fileid=66080031
3360778	2026-09-10	Dismissed 3360778 Appeal Decision.pdf	Lawful Development Certificate Appeal	Written representations	Marshwood Exton DULVERTON Somerset TA22 9LD	Exmoor National Park Authority	APP/F9498/X/25/3360778	https://acp.planninginspectorate.gov.uk/ViewDocument.aspx?fileid=66059499
3360983	2026-09-16	Allowed Appeal Decision 3360983 London.p	Lawful Development Certificate Appeal	Written representations	St Saviours Aberdeen park London N5 2AR	London Borough of Islington	APP/V5570/X/25/3360983	https://acp.planninginspectorate.gov.uk/ViewDocument.aspx?fileid=66079272
3361028	2026-08-27	Dismissed Appeal Decision 3361028.pdf	Lawful Development Certificate Appeal	Written representations	17 The Avenue WEMBLEY HA9 9QH	London Borough of Brent	APP/T5150/X/25/3361028	https://acp.planninginspectorate.gov.uk/ViewDocument.aspx?fileid=66006316
3361052	2026-08-28	Notice Upheld 3361052 - DL .pdf	Enforcement Notice Appeal	Written representations	Land known as land adjoining Willow Tree House Braintree Road Sible Hedingham Essex CO9 3RL	Essex County Council	APP/Z1585/C/25/3361052	https://acp.planninginspectorate.gov.uk/ViewDocument.aspx?fileid=66010462
3361247	2026-09-22	Notice varied and upheld Appeal Decision	Enforcement Notice Appeal	Written representations	Swallows Rest Brent Road Brent Knoll HIGHBRIDGE TA9 4BL	Somerset Council	APP/E3335/C/25/3361247	https://acp.planninginspectorate.gov.uk/ViewDocument.aspx?fileid=66106305
3361256	2026-09-17	Notice Upheld Appeal Decisions 3361256 a	Enforcement Notice Appeal	Written representations	3 Collard Place Lonon NW1 8DU	London Borough of Camden	APP/X5210/C/25/3361256	https://acp.planninginspectorate.gov.uk/ViewDocument.aspx?fileid=66083978
3361257	2026-09-17	Notice Upheld	Enforcement Notice Appeal	Written representations	3 Collard Place Lonon NW1 8DU	London Borough of Camden	APP/X5210/C/25/3361257	
3361281	2026-08-24	Notice varied and upheld APPEAL DECISION	Enforcement Notice Appeal	Written representations	Wragby Grange Doncaster Road, Wragby Wakefield West Yorkshire WF4 1QX	Wakefield Metropolitan District Council	APP/X4725/C/25/3361281	https://acp.planninginspectorate.gov.uk/ViewDocument.aspx?fileid=65995826
3361348	2026-08-27	Notice varied and upheld Appeal Decision	Enforcement Notice Appeal	Written representations	27 Dale Grove LONDON N12 8EE	London Borough of Barnet	APP/N5090/C/25/3361348	https://acp.planninginspectorate.gov.uk/ViewDocument.aspx?fileid=66004556
3361359	2026-08-20	Allowed 3361359 Costs decision.pdf 33613	Lawful Development Certificate Appeal	Written representations	Parsonage Farm The Street Cobham Kent DA12 3DG	Gravesham Borough Council	APP/K2230/X/25/3361359	https://acp.planninginspectorate.gov.uk/ViewDocument.aspx?fileid=65974415
3361601	2026-08-28	Notice Upheld 3361601 - DL .pdf	Enforcement Notice Appeal	Written representations	53 Essex Park LONDON N3 1ND	London Borough of Barnet	APP/N5090/C/25/3361601	https://acp.planninginspectorate.gov.uk/ViewDocument.aspx?fileid=66009466
3361778	2026-09-01	Notice varied and upheld Appeal Decision	Enforcement Notice Appeal	Written representations	10 Pontes Avenue Hounslow TW3 3FH	London Borough of Hounslow	APP/F5540/C/25/3361778	https://acp.planninginspectorate.gov.uk/ViewDocument.aspx?fileid=66022996
3361940	2026-09-16	Allowed	Planning Listed Building and Conservation Area Appeal (Y)	Written representations	Sand sea and Surf wharf road St.Ives TR26 1LF	Cornwall Council	APP/D0840/Y/25/3361940	
3362183	2026-09-17	Notice varied and upheld Appeal Decision	Enforcement Notice Appeal	Written representations	2 Aston Mead WINDSOR SL4 5PW	Royal Borough of Windsor and Maidenhead	APP/T0355/C/25/3362183	https://acp.planninginspectorate.gov.uk/ViewDocument.aspx?fileid=66085303
3362377	2026-09-09	Allowed Appeal Decision 3362377.pdf	Lawful Development Certificate Appeal	Written representations	The Barn, 41A Burley Road Bockhampton Christchurch Dorset BH23 7AJ	Bournemouth Christchurch and Poole Council	APP/V1260/X/25/3362377	https://acp.planninginspectorate.gov.uk/ViewDocument.aspx?fileid=66053583
3362380	2026-09-10	Dismissed Appeal Decision - 3362380	Planning Appeal (W)	Written representations	Windmill Down Farm Church Lane Hambledon Hampshire PO7 4RT	South Downs National Park Authority	APP/Y9507/W/25/3362380	https://acp.planninginspectorate.gov.uk/ViewDocument.aspx?fileid=66059047
3362537	2026-09-17	Dismissed Appeal Decision 3362537.pdf	Lawful Development Certificate Appeal	Written representations	38-40 Chipstead Valley Road Coulsdon CR5 2RA	London Borough of Croydon	APP/L5240/X/25/3362537	https://acp.planninginspectorate.gov.uk/ViewDocument.aspx?fileid=66083442
3363150	2026-09-18	Allowed Appeal Decision 3363150 Plot 4 K	Lawful Development Certificate Appeal	Written representations	Plot 4, Agricultural land Kilnlane & Great Lane Clophill Bedfordshire MK45 4BQ	Central Bedfordshire Council	APP/P0240/X/25/3363150	https://acp.planninginspectorate.gov.uk/ViewDocument.aspx?fileid=66088926
3363247	2026-09-22	Notice varied and upheld Appeal Decision	Enforcement Notice Appeal	Written representations	2 Milton Close HAYES UB4 0DE	London Borough of Hillingdon	APP/R5510/C/25/3363247	https://acp.planninginspectorate.gov.uk/ViewDocument.aspx?fileid=66107064
3363255	2026-09-22	Notice varied and upheld Appeal Decision	Enforcement Notice Appeal	Written representations	2 Milton Close HAYES UB4 0DE	London Borough of Hillingdon	APP/R5510/C/25/3363255	https://acp.planninginspectorate.gov.uk/ViewDocument.aspx?fileid=66108164
3363479	2026-08-25	Allowed Appeal Decision 3363479.pdf	Lawful Development Certificate Appeal	Written representations	13 Maryland Road London N22 5AR	London Borough of Haringey	APP/Y5420/X/25/3363479	https://acp.planninginspectorate.gov.uk/ViewDocument.aspx?fileid=65997467
3363772	2026-09-03	Notice varied and upheld 3363772 Appeal 	Enforcement Notice Appeal	Written representations	158 Major Road Stratford LONDON E15 1DY	London Borough of Newham	APP/G5750/C/25/3363772	https://acp.planninginspectorate.gov.uk/ViewDocument.aspx?fileid=66031883
3363841	2026-09-16	Notice Upheld Appeal Decision 3363841 an	Enforcement Listed Building and Conservation Area Appeal	Written representations	Sand sea and Surf wharf road St.Ives TR26 1LF	Cornwall Council	APP/D0840/F/25/3363841	https://acp.planninginspectorate.gov.uk/ViewDocument.aspx?fileid=66081014
3364033	2026-09-22	Dismissed Appeal Decision 3364033 .pdf	Lawful Development Certificate Appeal	Written representations	204 Abercairn Road LONDON SW16 5AQ	London Borough of Lambeth	APP/N5660/X/25/3364033	https://acp.planninginspectorate.gov.uk/ViewDocument.aspx?fileid=66106194
3364185	2026-08-20	Notice Upheld 3364185 - Appeal Decision.	Enforcement Notice Appeal	Written representations	448 Alum Rock Road BIRMINGHAM B8 3HT	Birmingham City Council	APP/P4605/C/25/3364185	https://acp.planninginspectorate.gov.uk/ViewDocument.aspx?fileid=65975727
3364213	2026-09-22	Notice Upheld 3364213 decision.pdf	Enforcement Notice Appeal	Written representations	102 White Horse Lane London E1 4LR	London Borough of Tower Hamlets	APP/E5900/C/25/3364213	https://acp.planninginspectorate.gov.uk/ViewDocument.aspx?fileid=66107506
3364241	2026-09-23	Notice Upheld	Enforcement Notice Appeal	Written representations	First and Second floors 72 Prebend Street Islington London N1 8PR	London Borough of Islington	APP/V5570/C/25/3364241	
3364376	2026-09-23	Allowed Appeal Decision 3364376.pdf 3364	Lawful Development Certificate Appeal	Written representations	44 Portway Great Denham Bedford MK40 4GB	Bedford Borough Council	APP/K0235/X/25/3364376	https://acp.planninginspectorate.gov.uk/ViewDocument.aspx?fileid=66109032
3364443	2026-09-21	Notice Upheld 3364443 31 Glebe Avenue Mi	Enforcement Notice Appeal	Written representations	31 Glebe Avenue MITCHAM CR4 3DZ	London Borough of Merton	APP/T5720/C/25/3364443	https://acp.planninginspectorate.gov.uk/ViewDocument.aspx?fileid=66103883
3364454	2026-09-04	Planning permission granted 3364454 Appe	Enforcement Notice Appeal	Written representations	1D Clark Road WOLVERHAMPTON WV3 9NW	Wolverhampton City Council	APP/D4635/C/25/3364454	https://acp.planninginspectorate.gov.uk/ViewDocument.aspx?fileid=66036373
3364665	2026-09-03	Notice varied and upheld	Enforcement Notice Appeal	Written representations	16 Langdale Gardens Western Avenue, Perivale Ealing UB6 8DG	London Borough of Ealing	APP/A5270/C/25/3364665	
3364729	2026-09-22	Allowed Appeal Decisions 3364729 & 33647	Planning Appeal (W)	Hearing	Land rear of Hillside, Brick Kiln Road Raunds NN9 6HY	North Northamptonshire Council	APP/M2840/W/25/3364729	https://acp.planninginspectorate.gov.uk/ViewDocument.aspx?fileid=66106413
3364730	2026-09-22	Not yet decided	Planning Appeal (W)	Hearing	Land rear of Hillside, Brick Kiln Road Raunds NN9 6HY	North Northamptonshire Council	APP/M2840/W/25/3364730	
3364852	2026-08-24	Notice Upheld Appeal Decision 3364852.pd	Enforcement Notice Appeal	Written representations	Green Lane Hanwell London W7 2PJ	London Borough of Ealing	APP/A5270/C/25/3364852	https://acp.planninginspectorate.gov.uk/ViewDocument.aspx?fileid=65995055
3365031	2026-09-16	Notice varied and upheld Appeal Decision	Enforcement Notice Appeal	Written representations	73A and the rear part of 73 Willesden Lane Kilburn LONDON NW6 7RR	London Borough of Brent	APP/T5150/C/25/3365031	https://acp.planninginspectorate.gov.uk/ViewDocument.aspx?fileid=66079264
3365190	2026-09-23	Notice Upheld Appeal Decision 3365190.pd	Enforcement Notice Appeal	Written representations	37 Morrison Avenue London N17 6TU	London Borough of Haringey	APP/Y5420/C/25/3365190	https://acp.planninginspectorate.gov.uk/ViewDocument.aspx?fileid=66110466
3366988	2026-09-22	Allowed Appeal Decision 3366988.pdf	Planning Appeal (W)	Hearing	New Barn Farm Industrial Estate Brick Kiln Road Raunds NN9 6HY	North Northamptonshire Council	APP/M2840/W/25/3366988	https://acp.planninginspectorate.gov.uk/ViewDocument.aspx?fileid=66106637
3366989	2026-09-22	Allowed Appeal Decision 3366989.pdf	Planning Appeal (W)	Hearing	Land adjacent to Hillside, Brick Kiln Road Raunds NN9 6HY	North Northamptonshire Council	APP/M2840/W/25/3366989	https://acp.planninginspectorate.gov.uk/ViewDocument.aspx?fileid=66105531
3368635	2026-09-23	Notice Upheld 3368635 Appeal Decision.pd	Enforcement Notice Appeal	Written representations	Flat 6, Brooks Lodge 194A Hoxton Street London N1 5HU	London Borough of Hackney	APP/U5360/C/25/3368635	https://acp.planninginspectorate.gov.uk/ViewDocument.aspx?fileid=66112120
3368726	2026-09-15	Planning permission granted 3368726 - Ap	Enforcement Notice Appeal	Written representations	47 Roker Park Road SUNDERLAND SR6 9PL	Sunderland City Council	APP/J4525/C/25/3368726	https://acp.planninginspectorate.gov.uk/ViewDocument.aspx?fileid=66076080
3369273	2026-09-14	Notice varied and upheld Appeal Decision	Enforcement Notice Appeal	Written representations	Flats 1 to 4, 51 & 53 Alexandra Road Basingstoke Hampshire RG21 7RQ	Basingstoke and Deane Borough Council	APP/H1705/C/25/3369273	https://acp.planninginspectorate.gov.uk/ViewDocument.aspx?fileid=66072980
3369334	2026-09-17	Dismissed Appeal Decision - 3369334 .pdf	Lawful Development Certificate Appeal	Written representations	Old Goat Yard Land To West Of Days Lane, Doddinghurst Road Doddinghurst Essex CM15 0RZ	Brentwood Borough Council	APP/H1515/X/25/3369334	https://acp.planninginspectorate.gov.uk/ViewDocument.aspx?fileid=66083880
3369354	2026-09-18	Notice Upheld APPEAL DECISION 3369354 .p	Enforcement Notice Appeal	Written representations	23 Littlebrook Lane Wootton BEDFORD Bedfordshire MK43 9RA	Bedford Borough Council	APP/K0235/C/25/3369354	https://acp.planninginspectorate.gov.uk/ViewDocument.aspx?fileid=66089471
3369676	2026-09-07	Quashed on legal grounds 3369676 Appeal 	Enforcement Notice Appeal	Written representations	Forest House 2-6 Carnarvon Road London E18 2NY	London Borough of Redbridge	APP/W5780/C/25/3369676	https://acp.planninginspectorate.gov.uk/ViewDocument.aspx?fileid=66048882
3370180	2026-09-17	Quashed on legal grounds 3370180 - appea	Enforcement Notice Appeal	Written representations	84 Wensleydale Avenue ILFORD IG5 0NB	London Borough of Redbridge	APP/W5780/C/25/3370180	https://acp.planninginspectorate.gov.uk/ViewDocument.aspx?fileid=66083540
3370422	2026-09-07	Allowed Appeal Decision 3370422.pdf Appe	Planning Appeal (W)	Written representations	Phase 2 - Plots 9A, 9B, 10 and 12A, Land adjacent to the A617 Mansfield Ashfield Regeneration Route (MARR) between Nottingham Road and Southwell Road West NG18 6AF	Mansfield District Council	APP/X3025/W/25/3370422	https://acp.planninginspectorate.gov.uk/ViewDocument.aspx?fileid=66048769
3370472	2026-09-17	Dismissed Appeal Decision 3370472.pdf	Lawful Development Certificate Appeal	Written representations	41 Lister Road Leytonstone E11 3DS	Waltham Forest London Borough Council	APP/U5930/X/25/3370472	https://acp.planninginspectorate.gov.uk/ViewDocument.aspx?fileid=66083339
3370610	2026-09-08	Allowed 3370610 - Appeal Decision.pdf	Lawful Development Certificate Appeal	Written representations	121 Grove Lane Lozells And East Handsworth BIRMINGHAM B20 2HF	Birmingham City Council	APP/P4605/X/25/3370610	https://acp.planninginspectorate.gov.uk/ViewDocument.aspx?fileid=66050526
3370976	2026-09-03	Notice Upheld Appeal Decision 3370976 7 	Enforcement Notice Appeal	Written representations	7 Elmwood Crescent Luton Bedfordshire LU2 7HX	Luton Borough Council	APP/B0230/C/25/3370976	https://acp.planninginspectorate.gov.uk/ViewDocument.aspx?fileid=66033970
3371220	2026-09-17	Quashed on legal grounds Appeal Decision	Enforcement Notice Appeal	Written representations	Waylands Court, Staines Road ILFORD IG1 2UR	London Borough of Redbridge	APP/W5780/C/25/3371220	https://acp.planninginspectorate.gov.uk/ViewDocument.aspx?fileid=66083876
3371221	2026-09-08	Notice Upheld 3371221 - Appeal Decision.	Enforcement Notice Appeal	Written representations	37 Church Street Lozells BIRMINGHAM B19 1QN	Birmingham City Council	APP/P4605/C/25/3371221	https://acp.planninginspectorate.gov.uk/ViewDocument.aspx?fileid=66050749
3371248	2026-08-24	Notice varied and upheld Appeal Decision	Enforcement Notice Appeal	Written representations	Worms Seven Farm, Plot 2, Bakers Lane Knowle SOLIHULL B93 8PT	Warwick District Council	APP/T3725/C/25/3371248	https://acp.planninginspectorate.gov.uk/ViewDocument.aspx?fileid=65995499
3371414	2026-08-26	Notice varied and upheld Appeal Decision	Enforcement Notice Appeal	Written representations	73 Sycamore Road Kingsbury B78 2JL	North Warwickshire Borough Council	APP/R3705/C/25/3371414	https://acp.planninginspectorate.gov.uk/ViewDocument.aspx?fileid=66003398
3371468	2026-09-16	Notice varied and upheld COSTS DECISION 	Enforcement Notice Appeal	Written representations	50 Parsons Hill OLDBURY B68 9BS	Sandwell Metropolitan Borough Council	APP/G4620/C/25/3371468	https://acp.planninginspectorate.gov.uk/ViewDocument.aspx?fileid=66080795
3371483	2026-09-16	Notice varied and upheld COSTS DECISION 	Enforcement Notice Appeal	Written representations	48 Parsons Hill OLDBURY B68 9BS	Sandwell Metropolitan Borough Council	APP/G4620/C/25/3371483	https://acp.planninginspectorate.gov.uk/ViewDocument.aspx?fileid=66081454
3371510	2026-09-01	Notice varied and upheld Appeal Decision	Enforcement Notice Appeal	Written representations	25 Milton Street WAKEFIELD WF2 8TL	Wakefield Metropolitan District Council	APP/X4725/C/25/3371510	https://acp.planninginspectorate.gov.uk/ViewDocument.aspx?fileid=66023090
3371511	2026-08-20	Allowed Appeal Decision 3371511.pdf	Lawful Development Certificate Appeal	Written representations	61 Belgrave Road Slough SL1 3RG	Slough Borough Council	APP/J0350/X/25/3371511	https://acp.planninginspectorate.gov.uk/ViewDocument.aspx?fileid=65976606
3371810	2026-08-25	Quashed on legal grounds 3371810 Appeal 	Enforcement Notice Appeal	Written representations	46 Mapplewells Road SUTTON-IN-ASHFIELD NG17 1HW	Ashfield District Council	APP/W3005/C/25/3371810	https://acp.planninginspectorate.gov.uk/ViewDocument.aspx?fileid=65999559
3371843	2026-09-15	Dismissed APPEAL DECISION 3371843.pdf	Lawful Development Certificate Appeal	Written representations	42 Chevening Close Broadfield Crawley RH11 9QU	Crawley Borough Council	APP/Q3820/X/25/3371843	https://acp.planninginspectorate.gov.uk/ViewDocument.aspx?fileid=66076074
3371847	2026-09-15	Notice Upheld Appeal Decision 3371847 (0	Enforcement Notice Appeal	Written representations	171 Peartree Avenue SOUTHAMPTON SO19 7RA	Southampton City Council	APP/D1780/C/25/3371847	https://acp.planninginspectorate.gov.uk/ViewDocument.aspx?fileid=66078504
3371980	2026-08-25	Allowed Appeal Decision - 3371980_Redact	Community Infrastructure Levy		29 Leigh Park Road LEIGH-ON-SEA SS9 2DU	Southend-on-Sea	APP/D1590/L/25/3371980	https://acp.planninginspectorate.gov.uk/ViewDocument.aspx?fileid=65999228
3372003	2026-08-20	Notice varied and upheld 3372003 - Appea	Enforcement Notice Appeal	Written representations	61 Hagley Road West BIRMINGHAM B17 8AE	Birmingham City Council	APP/P4605/C/25/3372003	https://acp.planninginspectorate.gov.uk/ViewDocument.aspx?fileid=65976282
3372335	2026-09-21	Quashed on legal grounds Appeal Decision	Enforcement Notice Appeal	Written representations	Land to South West of Providence Lodge Bakers Lane Knowle Solihull B93 8PT	Warwick District Council	APP/T3725/C/25/3372335	https://acp.planninginspectorate.gov.uk/ViewDocument.aspx?fileid=66103763
3372641	2026-09-03	Notice varied and upheld 3372641 948 Eas	Enforcement Notice Appeal	Written representations	948 Eastern Avenue ILFORD IG2 7JD	London Borough of Redbridge	APP/W5780/C/25/3372641	https://acp.planninginspectorate.gov.uk/ViewDocument.aspx?fileid=66032656
3372650	2026-09-17	Notice varied and upheld Appeal Decision	Enforcement Notice Appeal	Written representations	107 West End Lane LONDON NW6 4SY	London Borough of Camden	APP/X5210/C/25/3372650	https://acp.planninginspectorate.gov.uk/ViewDocument.aspx?fileid=66083719
3372706	2026-09-18	Allowed COSTS DECISION 3372706.pdf APPEA	Lawful Development Certificate Appeal	Written representations	47 Dartmouth Park Road LONDON NW5 1SU	London Borough of Camden	APP/X5210/X/25/3372706	https://acp.planninginspectorate.gov.uk/ViewDocument.aspx?fileid=66088473
3372928	2026-09-02	Dismissed APPEAL DECISION 3372928.pdf	Lawful Development Certificate Appeal	Written representations	40 Rosebank Road Hanwell W7 2EN	London Borough of Ealing	APP/A5270/X/25/3372928	https://acp.planninginspectorate.gov.uk/ViewDocument.aspx?fileid=66027590
3372973	2026-09-17	Split Decision Appeal Decision 3372973.p	Lawful Development Certificate Appeal	Written representations	145 Dartford Road DARTFORD DA1 3EW	Dartford Borough Council	APP/T2215/X/25/3372973	https://acp.planninginspectorate.gov.uk/ViewDocument.aspx?fileid=66083731
3372995	2026-09-02	Notice varied and upheld	Enforcement Notice Appeal	Inquiry	Land at Limehouse Nursery (also known as 401 Eastwood Road) The Drive Rayleigh Essex SS6 7LJ	Rochford District Council	APP/B1550/C/25/3372995	
3372996	2026-09-02	Notice varied and upheld APPEAL DECISION	Enforcement Notice Appeal	Written representations	Land at Limehouse Nursery (also known as 401 Eastwood Road) The Drive Rayleigh Essex SS6 7LJ	Rochford District Council	APP/B1550/C/25/3372996	https://acp.planninginspectorate.gov.uk/ViewDocument.aspx?fileid=66027382
3372997	2026-09-02	Not yet decided	Enforcement Notice Appeal	Written representations	Land at Limehouse Nursery, 401 Eastwood Road The Drive RAYLEIGH SS6 7LJ	Rochford District Council	APP/B1550/C/25/3372997	
3372998	2026-09-02	Not yet decided	Enforcement Notice Appeal	Written representations	Land at Limehouse Nursery, 401 Eastwood Road The Drive RAYLEIGH SS6 7LJ	Rochford District Council	APP/B1550/C/25/3372998	
3373190	2026-09-18	Dismissed APPEAL DECISION 3373190 .pdf	Lawful Development Certificate Appeal	Written representations	BAR HOUSE PENISTONE ROAD HOLMFIRTH HD9 2TR	Kirklees Metropolitan Council	APP/Z4718/X/25/3373190	https://acp.planninginspectorate.gov.uk/ViewDocument.aspx?fileid=66089349
3373218	2026-09-14	Notice Upheld APPEAL DECISION 3373218.pd	Enforcement Notice Appeal	Written representations	17 Vespasian Road SOUTHAMPTON SO18 1AY	Southampton City Council	APP/D1780/C/25/3373218	https://acp.planninginspectorate.gov.uk/ViewDocument.aspx?fileid=66074101
3373223	2026-09-10	Notice Upheld Costs Decision - 3373223.p	Enforcement Notice Appeal	Written representations	219 Kingsbury Road LONDON NW9 8XG	London Borough of Brent	APP/T5150/C/25/3373223	https://acp.planninginspectorate.gov.uk/ViewDocument.aspx?fileid=66060255
3373400	2026-09-21	Allowed 3373400 Appeal Decision.pdf	Lawful Development Certificate Appeal	Written representations	14 Woodman Way Wootton BEDFORD MK43 9RX	Bedford Borough Council	APP/K0235/X/25/3373400	https://acp.planninginspectorate.gov.uk/ViewDocument.aspx?fileid=66103539
3373450	2026-09-16	Notice Upheld Costs Decision 3373450.pdf	Enforcement Notice Appeal	Written representations	Development Site Lot 3 Kent Street Cowfold West Sussex RH13 8BB	Horsham District Council	APP/Z3825/C/25/3373450	https://acp.planninginspectorate.gov.uk/ViewDocument.aspx?fileid=66079381
3373698	2026-09-02	Dismissed APPEAL DECISION 3373698 33 Dal	Lawful Development Certificate Appeal	Written representations	33 Dale Road Luton LU1 1LJ	Luton Borough Council	APP/B0230/X/25/3373698	https://acp.planninginspectorate.gov.uk/ViewDocument.aspx?fileid=66028154
3373715	2026-08-21	Dismissed Appeal Decision - 3373715 .pdf	Householder (HAS) Appeal	Written representations	Primrose Cottage, Snelland Road Wickenby Lincolnshire LN3 5AB	West Lindsey District Council	APP/N2535/D/25/3373715	https://acp.planninginspectorate.gov.uk/ViewDocument.aspx?fileid=65977508
3373809	2026-09-14	Quashed on legal grounds 3373809 - Appea	Enforcement Listed Building and Conservation Area Appeal	Written representations	Brampton House 218 Old Hall Road Chesterfield S40 1HQ	Chesterfield Borough Council	APP/A1015/F/25/3373809	https://acp.planninginspectorate.gov.uk/ViewDocument.aspx?fileid=66072244
3373810	2026-09-21	Dismissed Appeal Decision 3373810.pdf Co	Lawful Development Certificate Appeal	Written representations	2 St Edmunds Close London DA18 4DU	London Borough of Bexley	APP/D5120/X/25/3373810	https://acp.planninginspectorate.gov.uk/ViewDocument.aspx?fileid=66102349
3377537	2026-08-27	Dismissed Appeal Decision - 3377537 .pdf	Lawful Development Certificate Appeal	Written representations	MITIE TILLEY ROOFING LTD Middlemore Lane WALSALL WS9 8SP	Walsall Metropolitan Borough Council	APP/V4630/X/26/3377537	https://acp.planninginspectorate.gov.uk/ViewDocument.aspx?fileid=66007006
3377648	2026-08-25	Notice Upheld 3377648 Appeal Decision.pd	Enforcement Notice Appeal	Hearing	Land at Land east of New Barn Farm Lane, Blendworth Hampshire PO8 0QG	South Downs National Park Authority	APP/Y9507/C/26/3377648	https://acp.planninginspectorate.gov.uk/ViewDocument.aspx?fileid=65998356
3377649	2026-08-25	Not yet decided	Enforcement Notice Appeal	Hearing	Land at Land east of New Barn Farm Lane, Blendworth PO8 0QG	South Downs National Park Authority	APP/Y9507/C/26/3377649	
3377650	2026-08-25	Not yet decided	Enforcement Notice Appeal	Hearing	Land at Land east of New Barn Farm Lane, Blendworth PO8 0QG	South Downs National Park Authority	APP/Y9507/C/26/3377650	
3377651	2026-08-25	Not yet decided	Enforcement Notice Appeal	Hearing	Land at Land east of New Barn Farm Lane, Blendworth PO8 0QG	South Downs National Park Authority	APP/Y9507/C/26/3377651	
3377906	2026-09-08	Planning permission granted Appeal Decis	Enforcement Notice Appeal	Hearing	Land South East of Oaklands St Clere Hill Road West Kingsdown Kent TN15 6AH	Sevenoaks District Council	APP/G2245/C/26/3377906	https://acp.planninginspectorate.gov.uk/ViewDocument.aspx?fileid=66053053
3377929	2026-08-28	Notice Upheld Appeal Decision 3377929 (0	Enforcement Notice Appeal	Written representations	11 Shap Drive WORCESTER WR4 9NX	Worcester City Council	APP/D1835/C/26/3377929	https://acp.planninginspectorate.gov.uk/ViewDocument.aspx?fileid=66011345
3378115	2026-08-28	Quashed on legal grounds 3378115 - Counc	Enforcement Notice Appeal	Inquiry	Land at Whyteleafe House 439-445 Godstone Road Whyteleafe CR3 0BL	Tandridge District Council	APP/M3645/C/26/3378115	https://acp.planninginspectorate.gov.uk/ViewDocument.aspx?fileid=66009135
3378120	2026-08-26	Allowed Costs Decision Letter 3378120.pd	Lawful Development Certificate Appeal	Hearing	Cornish Farm Touring Park Cornish Farm, Shoreditch TAUNTON TA3 7BS	Somerset Council	APP/E3335/X/26/3378120	https://acp.planninginspectorate.gov.uk/ViewDocument.aspx?fileid=66002000
3378144	2026-09-01	Notice varied and upheld APPEAL DECISION	Enforcement Notice Appeal	Inquiry	Land adjacent to Darcy's Place Little Broomfield, Church Lane Wormley EN10 7QF	Broxbourne Borough Council	APP/W1905/C/26/3378144	https://acp.planninginspectorate.gov.uk/ViewDocument.aspx?fileid=66024422
3378145	2026-09-01	Notice varied and upheld	Enforcement Notice Appeal	Inquiry	Land adjacent to Darcy's Place Little Broomfield, Church Lane Wormley EN10 7QF	Broxbourne Borough Council	APP/W1905/C/26/3378145	
3378147	2026-08-18	Notice varied and upheld 3378147 - Costs	Enforcement Notice Appeal	Inquiry	Land at Jacobs Wood Farm Holden Lane Silsden, Keighley West Yorkshire BD20 0LT	City of Bradford Metropolitan District Council	APP/W4705/C/26/3378147	https://acp.planninginspectorate.gov.uk/ViewDocument.aspx?fileid=65967445
3378189	2026-09-03	Quashed on legal grounds Appeal Decision	Enforcement Notice Appeal	Inquiry	25 Scorton Avenue Perivale UB6 8LA	London Borough of Ealing	APP/A5270/C/26/3378189	https://acp.planninginspectorate.gov.uk/ViewDocument.aspx?fileid=66032981
3378215	2026-08-25	Dismissed	Planning Appeal (W)	Hearing	Land East of New Barn Farm Lane Blendworth PO8 0QG	South Downs National Park Authority	APP/Y9507/W/25/3378215	
3378284	2026-09-04	Planning permission granted Appeal Decis	Enforcement Notice Appeal	Hearing	Land Adjacent to Orchard Farm Cottage Pomphrey Hill Mangotsfield Bristol BS16 9NF	South Gloucestershire Council	APP/P0119/C/26/3378284	https://acp.planninginspectorate.gov.uk/ViewDocument.aspx?fileid=66037700
3378286	2026-08-17	Planning permission granted 3378286 - DL	Enforcement Notice Appeal	Hearing	Land At Northwick Road Pilning Bristol BS35 4LX	South Gloucestershire Council	APP/P0119/C/26/3378286	https://acp.planninginspectorate.gov.uk/ViewDocument.aspx?fileid=65965163
3378304	2026-09-17	Notice varied and upheld 3378304 COSTS d	Enforcement Notice Appeal	Inquiry	Step Rehabilitation 30 Troutbeck Road SHEFFIELD S7 2QA	Sheffield City Council	APP/J4423/C/26/3378304	https://acp.planninginspectorate.gov.uk/ViewDocument.aspx?fileid=66083553
3378406	2026-08-26	Quashed on legal grounds 3378406 Appeal 	Enforcement Notice Appeal	Inquiry	Land at Public Car Park Stockley Country Park, Stockley Road West Drayton UB8 3LL	London Borough of Hillingdon	APP/R5510/C/26/3378406	https://acp.planninginspectorate.gov.uk/ViewDocument.aspx?fileid=66001081
3378427	2026-09-03	Notice varied and upheld Appeal 3378441 	Enforcement Notice Appeal	Hearing	Land to the South of Woodville Road Swadlincote DE12 6LY	South Derbyshire District Council	APP/F1040/C/26/3378427	https://acp.planninginspectorate.gov.uk/ViewDocument.aspx?fileid=66031009
3378428	2026-09-03	Not yet decided	Enforcement Notice Appeal	Hearing	Land to the South of Woodville Road Swadlincote DE12 6LY	South Derbyshire District Council	APP/F1040/C/26/3378428	
3378429	2026-09-03	Not yet decided	Enforcement Notice Appeal	Hearing	Land to the South of Woodville Road Swadlincote DE12 6LY	South Derbyshire District Council	APP/F1040/C/26/3378429	
3378441	2026-09-03	Not yet decided	Planning Appeal (W)	Hearing	Land to the South of Woodville Road Overseal Swadlincote DE12 6LY	South Derbyshire District Council	APP/F1040/W/26/3378441	
3378456	2026-08-19	Quashed on legal grounds APPEAL DECISION	Enforcement Notice Appeal	Written representations	Land at Askern House, Dickon Hill Road Friskney BOSTON PE22 8PP	East Lindsey District Council	APP/D2510/C/26/3378456	https://acp.planninginspectorate.gov.uk/ViewDocument.aspx?fileid=65971833
3378458	2026-09-15	Quashed on legal grounds Costs Decision 	Enforcement Listed Building and Conservation Area Appeal	Hearing	12 Argyle Street London WC1H 8EG	London Borough of Camden	APP/X5210/F/26/3378458	https://acp.planninginspectorate.gov.uk/ViewDocument.aspx?fileid=66077962
3378510	2026-08-18	Allowed 3378510 - Decision.pdf	Lawful Development Certificate Appeal	Hearing	Galleymead House Poyle New Cottages, Old Bath Road Colnbrook SL3 0NU	Slough Borough Council	APP/J0350/X/26/3378510	https://acp.planninginspectorate.gov.uk/ViewDocument.aspx?fileid=65965794
3378663	2026-09-23	Notice varied and upheld Appeal Decision	Enforcement Notice Appeal	Hearing	Land lying to the north of Bottomdale Road Halton Lancashire LA2 6BH	Lancaster City Council	APP/A2335/C/26/3378663	https://acp.planninginspectorate.gov.uk/ViewDocument.aspx?fileid=66111579
3378664	2026-09-23	Notice varied and upheld	Enforcement Notice Appeal	Hearing	Land lying to the north of Bottomdale Road Halton Lancashire LA2 6BH	Lancaster City Council	APP/A2335/C/26/3378664	
3378665	2026-09-23	Notice varied and upheld	Enforcement Notice Appeal	Hearing	Land lying to the north of Bottomdale Road Halton Lancashire LA2 6BH	Lancaster City Council	APP/A2335/C/26/3378665	
3377470	2026-08-24	Not yet decided	Lawful Development Certificate Appeal	Written representations	4 Rippington Drive Marston OXFORD OX3 0RJ	Oxford City Council	APP/G3110/X/26/3377470	
3355074	2026-08-21	Dismissed	Planning Appeal (W)	Written representations	The Lodge, Kingsbury Road London NW9 9HA	London Borough of Brent	APP/T5150/W/24/3355074	
3378215	2026-08-25	Dismissed	Planning Appeal (W)	Hearing	Land East of New Barn Farm Lane Blendworth PO8 0QG	South Downs National Park Authority	APP/Y9507/W/25/3378215	
3378441	2026-09-03	Not yet decided	Planning Appeal (W)	Hearing	Land to the South of Woodville Road Overseal Swadlincote DE12 6LY	South Derbyshire District Council	APP/F1040/W/26/3378441	
3377457	2026-08-21	Not yet decided	Enforcement Notice Appeal	Written representations	Sprinks Farm Blackwood House Lane, Horton Leek Staffordshire ST13 8QE	Staffordshire Moorlands District Council	APP/B3438/C/26/3377457	
3377456	2026-08-21	Quashed on legal grounds APPEAL DECISION	Enforcement Notice Appeal	Written representations	Sprinks Farm Blackwood House Lane, Horton Leek Staffordshire ST13 8QE	Staffordshire Moorlands District Council	APP/B3438/C/26/3377456	https://acp.planninginspectorate.gov.uk/ViewDocument.aspx?fileid=65977907
3377419	2026-09-11	Allowed 3377419 Appeal Decision.pdf	Lawful Development Certificate Appeal	Written representations	The Grange Farm 172 Strines Road Strines Stockport SK6 7GA	Stockport Metropolitan Borough Council	APP/C4235/X/26/3377419	https://acp.planninginspectorate.gov.uk/ViewDocument.aspx?fileid=66063005
3377217	2026-09-17	Dismissed Appeal Decisions3377217 and 60	Planning Appeal (W)	Written representations	33 Craven road London UK W2 3BX	City of Westminster Council	APP/X5990/W/26/3377217	https://acp.planninginspectorate.gov.uk/ViewDocument.aspx?fileid=66083441
3377066	2026-08-17	Dismissed Appeal Decision 3377066.pdf	Planning Appeal (W)	Hearing	Station Yard, Wrenbury Road Wrenbury NANTWICH CW5 8HA	Cheshire East Council	APP/R0660/W/25/3377066	https://acp.planninginspectorate.gov.uk/ViewDocument.aspx?fileid=65962411
3376816	2026-09-17	Notice Upheld 3376816 Appeal Decision.pd	Enforcement Notice Appeal	Written representations	Flat 1 Mexborough Pratt Street London NW1 0BL	London Borough of Camden	APP/X5210/C/25/3376816	https://acp.planninginspectorate.gov.uk/ViewDocument.aspx?fileid=66085538
3376770	2026-09-14	Dismissed Appeal Decision - 3376770 .pdf	Lawful Development Certificate Appeal	Written representations	13 Warbreck Road Liverpool L9 8EE	Liverpool City Council	APP/Z4310/X/25/3376770	https://acp.planninginspectorate.gov.uk/ViewDocument.aspx?fileid=66072686
3376756	2026-09-07	Not yet decided	Enforcement Notice Appeal	Written representations	Land at the junction of Spital Street, Sorby Street, and Carlisle Street, Sheffield S4 7LJ	Sheffield City Council	APP/J4423/C/25/3376756	
3376755	2026-09-07	Not yet decided	Enforcement Notice Appeal	Written representations	Land at the junction of Spital Street, Sorby Street, and Carlisle Street, Sheffield S4 7LJ	Sheffield City Council	APP/J4423/C/25/3376755	
3376754	2026-09-07	Notice varied and upheld 3376754 Appeal 	Enforcement Notice Appeal	Written representations	Land at the junction of Spital Street, Sorby Street, and Carlisle Street, Sheffield S4 7LJ	Sheffield City Council	APP/J4423/C/25/3376754	https://acp.planninginspectorate.gov.uk/ViewDocument.aspx?fileid=66048887
3376634	2026-09-21	Allowed Appeal Decision 3376634 .pdf	Commercial (CAS) Appeal	Written representations	SIDE WALL OF NO 2 KINGSHOLM ROAD GLOUCESTER GL1 3AZ	Gloucester City Council	APP/U1620/Z/25/3376634	https://acp.planninginspectorate.gov.uk/ViewDocument.aspx?fileid=66104553
3376631	2026-09-21	Notice varied and upheld	Enforcement Notice Appeal	Written representations	Land on the East side of Alms Heath Ockham Woking Surrey GU23 6NZ	Guildford Borough Council	APP/Y3615/C/25/3376631	
3376630	2026-09-21	Notice varied and upheld	Enforcement Notice Appeal	Written representations	Land on the East side of Alms Heath Ockham Woking Surrey GU23 6NZ	Guildford Borough Council	APP/Y3615/C/25/3376630	
3376629	2026-09-21	Notice varied and upheld	Enforcement Notice Appeal	Written representations	Land on the East side of Alms Heath Ockham Woking Surrey GU23 6NZ	Guildford Borough Council	APP/Y3615/C/25/3376629	
3376628	2026-09-21	Notice varied and upheld	Enforcement Notice Appeal	Written representations	Land on the East side of Alms Heath Ockham Woking Surrey GU23 6NZ	Guildford Borough Council	APP/Y3615/C/25/3376628	
3376627	2026-09-21	Notice varied and upheld	Enforcement Notice Appeal	Written representations	Land on the East side of Alms Heath Ockham Woking Surrey GU23 6NZ	Guildford Borough Council	APP/Y3615/C/25/3376627	
3376625	2026-09-21	Notice varied and upheld	Enforcement Notice Appeal	Written representations	Land on the East side of Alms Heath Ockham Woking Surrey GU23 6NZ	Guildford Borough Council	APP/Y3615/C/25/3376625	
3376624	2026-09-21	Notice varied and upheld	Enforcement Notice Appeal	Written representations	Land on the East side of Alms Heath Ockham Woking Surrey GU23 6NZ	Guildford Borough Council	APP/Y3615/C/25/3376624	
3376623	2026-09-21	Notice varied and upheld	Enforcement Notice Appeal	Written representations	Land on the East side of Alms Heath Ockham Woking Surrey GU23 6NZ	Guildford Borough Council	APP/Y3615/C/25/3376623	
3376622	2026-09-21	Notice varied and upheld	Enforcement Notice Appeal	Written representations	Land on the East side of Alms Heath Ockham Woking Surrey GU23 6NZ	Guildford Borough Council	APP/Y3615/C/25/3376622	
3376621	2026-09-21	Notice varied and upheld Appeal Decision	Enforcement Notice Appeal	Written representations	Land on the East side of Alms Heath Ockham Woking Surrey GU23 6NZ	Guildford Borough Council	APP/Y3615/C/25/3376621	https://acp.planninginspectorate.gov.uk/ViewDocument.aspx?fileid=66105306
3376591	2026-08-20	Notice varied and upheld 3376591 - Appea	Enforcement Notice Appeal	Written representations	54 Malvern Road Powick WORCESTER WR2 4RT	Malvern Hills District Council	APP/J1860/C/25/3376591	https://acp.planninginspectorate.gov.uk/ViewDocument.aspx?fileid=65976609
3359620	2026-09-02	Dismissed Appeal Decision 3359620.pdf	Lawful Development Certificate Appeal	Written representations	Keytons Pit Newton Road SUDBURY CO10 0PY	Babergh District Council	APP/W3520/X/25/3359620	https://acp.planninginspectorate.gov.uk/ViewDocument.aspx?fileid=66026827
3376241	2026-08-26	Notice varied and upheld 3376241 Appeal 	Enforcement Notice Appeal	Written representations	The Woollets Cherry Tree Lane Fulmer Buckinghamshire SL3 6JE	Buckinghamshire Council - South Area (South Bucks)	APP/N0410/C/25/3376241	https://acp.planninginspectorate.gov.uk/ViewDocument.aspx?fileid=66003093
3376201	2026-09-22	Notice varied and upheld Appeal Decision	Enforcement Notice Appeal	Written representations	9 Elmshott Lane SLOUGH SL1 5QS	Slough Borough Council	APP/J0350/C/25/3376201	https://acp.planninginspectorate.gov.uk/ViewDocument.aspx?fileid=66106965
3376196	2026-08-20	Split Decision 3376196 Appeal Decision.p	Planning Obligation Appeal	Written representations	Berryfields MDA Bicester Road Quarrendon Bucks MK3 5SD	Buckinghamshire Council - North Area (Aylesbury)	APP/J0405/Q/25/3376196	https://acp.planninginspectorate.gov.uk/ViewDocument.aspx?fileid=65973637
3359541	2026-09-11	Notice varied and upheld	Enforcement Notice Appeal	Written representations	17, The Litzo 37-39 Boscombe Spa Road BOURNEMOUTH BH5 1AS	Bournemouth Christchurch and Poole Council	APP/V1260/C/25/3359541	
3359540	2026-09-11	Notice varied and upheld Appeal Deciion 	Enforcement Notice Appeal	Written representations	17, The Litzo 37-39 Boscombe Spa Road BOURNEMOUTH BH5 1AS	Bournemouth Christchurch and Poole Council	APP/V1260/C/25/3359540	https://acp.planninginspectorate.gov.uk/ViewDocument.aspx?fileid=66063660
3368005	2026-09-11	Not yet decided	Enforcement Notice Appeal	Written representations	10 Syddal Road Bramhall STOCKPORT SK7 1AD	Stockport Metropolitan Borough Council	APP/C4235/C/25/3368005	
3368004	2026-09-11	Notice Upheld 3368004 Appeal Decision.pd	Enforcement Notice Appeal	Written representations	10 Syddal Road Bramhall STOCKPORT SK7 1AD	Stockport Metropolitan Borough Council	APP/C4235/C/25/3368004	https://acp.planninginspectorate.gov.uk/ViewDocument.aspx?fileid=66062013
3376088	2026-08-26	Notice Upheld 3376088 - DL.pdf	Enforcement Notice Appeal	Written representations	48 Oldberry Road EDGWARE HA8 9DB	London Borough of Barnet	APP/N5090/C/25/3376088	https://acp.planninginspectorate.gov.uk/ViewDocument.aspx?fileid=66002625
3376041	2026-08-26	Notice Upheld 3376041 Appeal Decision.pd	Enforcement Notice Appeal	Written representations	Tiramisu Cafe 12 St. Marys Road LONDON W5 5ES	London Borough of Ealing	APP/A5270/C/25/3376041	https://acp.planninginspectorate.gov.uk/ViewDocument.aspx?fileid=66003862
3359384	2026-09-11	Notice varied and upheld	Enforcement Notice Appeal	Written representations	Land at 7 Waverley Close Hayes UB3 4AJ	London Borough of Hillingdon	APP/R5510/C/25/3359384	
3359383	2026-09-11	Notice varied and upheld Appeal Decision	Enforcement Notice Appeal	Written representations	Land at 7 Waverley Close Hayes UB3 4AJ	London Borough of Hillingdon	APP/R5510/C/25/3359383	https://acp.planninginspectorate.gov.uk/ViewDocument.aspx?fileid=66062677
3376000	2026-09-22	Allowed 3376000 Appeal Decision.pdf	Lawful Development Certificate Appeal	Written representations	Sunny Bank White Lane Ridgway Sheffield S12 3GB	North East Derbyshire District Council	APP/R1038/X/25/3376000	https://acp.planninginspectorate.gov.uk/ViewDocument.aspx?fileid=66106509
3367851	2026-08-24	Planning permission granted Appeal Decis	Enforcement Notice Appeal	Written representations	Unit 3, Omega Works 167 Hermitage Road London N4 1LZ	London Borough of Haringey	APP/Y5420/C/25/3367851	https://acp.planninginspectorate.gov.uk/ViewDocument.aspx?fileid=65992960
3375927	2026-09-14	Notice Upheld Appeal Decision - 3375927.	Enforcement Notice Appeal	Written representations	Land east side of Alms Heath Ockham Woking GU23 6NZ	Guildford Borough Council	APP/Y3615/C/25/3375927	https://acp.planninginspectorate.gov.uk/ViewDocument.aspx?fileid=66073883
3367676	2026-08-24	Notice Upheld Appeal Decision 3367676.pd	Enforcement Notice Appeal	Written representations	1 Kennedy Road Hanwell LONDON W7 1JL	London Borough of Ealing	APP/A5270/C/25/3367676	https://acp.planninginspectorate.gov.uk/ViewDocument.aspx?fileid=65995278
3367531	2026-09-16	Notice varied and upheld 3367531 - DL .p	Enforcement Listed Building and Conservation Area Appeal	Written representations	31 High Street Ilfracombe Devon EX34 9DA	North Devon District Council	APP/X1118/F/25/3367531	https://acp.planninginspectorate.gov.uk/ViewDocument.aspx?fileid=66080377
3375598	2026-09-02	Quashed on legal grounds COSTS DECISION 	Enforcement Notice Appeal	Inquiry	Lime House The Drive RAYLEIGH SS6 8XA	Rochford District Council	APP/B1550/C/25/3375598	https://acp.planninginspectorate.gov.uk/ViewDocument.aspx?fileid=66026831
3367329	2026-09-11	Not yet decided	Enforcement Notice Appeal	Written representations	The Old Post Office Harwood Dale Scarborough north yorkshire YO13 0LA	North York Moors National Park Authority	APP/W9500/C/25/3367329	
3367328	2026-09-11	Quashed on legal grounds 3367328 Appeal 	Enforcement Notice Appeal	Written representations	The Old Post Office Harwood Dale Scarborough north yorkshire YO13 0LA	North York Moors National Park Authority	APP/W9500/C/25/3367328	https://acp.planninginspectorate.gov.uk/ViewDocument.aspx?fileid=66063545
3367275	2026-09-09	Not yet decided	Enforcement Notice Appeal	Written representations	11-13 Moor Road South Newcastle upon Tyne NE3 1NN	Newcastle Upon Tyne City Council	APP/M4510/C/25/3367275	
3367274	2026-09-09	Notice Upheld Appeal Decision 3367274.pd	Enforcement Notice Appeal	Written representations	11-13 Moor Road South Newcastle upon Tyne NE3 1NN	Newcastle Upon Tyne City Council	APP/M4510/C/25/3367274	https://acp.planninginspectorate.gov.uk/ViewDocument.aspx?fileid=66054477
3375302	2026-09-14	Notice Upheld 3375301 and 3375302 - DL.p	Enforcement Notice Appeal	Written representations	10 Park View Hockley Heath SOLIHULL B94 6PE	Solihull Metropolitan Borough Council	APP/Q4625/C/25/3375302	https://acp.planninginspectorate.gov.uk/ViewDocument.aspx?fileid=66074222
3375301	2026-09-14	Notice Upheld 3375301 and 3375302 - DL.p	Enforcement Notice Appeal	Written representations	10 Park View Hockley Heath SOLIHULL B94 6PE	Solihull Metropolitan Borough Council	APP/Q4625/C/25/3375301	https://acp.planninginspectorate.gov.uk/ViewDocument.aspx?fileid=66074119
3358731	2026-08-24	Notice varied and upheld	Enforcement Notice Appeal	Written representations	806 Pershore Road Selly Park BIRMINGHAM B29 7LS	Birmingham City Council	APP/P4605/C/25/3358731	
3358730	2026-08-24	Notice varied and upheld 3358730 & 33587	Enforcement Notice Appeal	Written representations	806 Pershore Road Selly Park BIRMINGHAM B29 7LS	Birmingham City Council	APP/P4605/C/25/3358730	https://acp.planninginspectorate.gov.uk/ViewDocument.aspx?fileid=65994720
3367165	2026-09-17	Dismissed Appeal Decision 3367165 CFI (0	Lawful Development Certificate Appeal	Written representations	14 The Oaks Stone DARTFORD DA2 6PF	Dartford Borough Council	APP/T2215/X/25/3367165	https://acp.planninginspectorate.gov.uk/ViewDocument.aspx?fileid=66083728
3375109	2026-09-21	Dismissed Appeal Decision - 3375109 .pdf	Lawful Development Certificate Appeal	Written representations	9 Halkyn Avenue LIVERPOOL L17 2AH	Liverpool City Council	APP/Z4310/X/25/3375109	https://acp.planninginspectorate.gov.uk/ViewDocument.aspx?fileid=66103571
3375062	2026-09-18	Allowed 3375062 Appeal Decision.pdf 3375	Planning Appeal (W)	Hearing	Land At Great Dunns Close Beckington Frome Somerset BA11 6AJ	Somerset Council	APP/E3335/W/25/3375062	https://acp.planninginspectorate.gov.uk/ViewDocument.aspx?fileid=66089033
3366989	2026-09-22	Allowed Appeal Decision 3366989.pdf	Planning Appeal (W)	Hearing	Land adjacent to Hillside, Brick Kiln Road Raunds NN9 6HY	North Northamptonshire Council	APP/M2840/W/25/3366989	https://acp.planninginspectorate.gov.uk/ViewDocument.aspx?fileid=66105531
3366988	2026-09-22	Allowed Appeal Decision 3366988.pdf	Planning Appeal (W)	Hearing	New Barn Farm Industrial Estate Brick Kiln Road Raunds NN9 6HY	North Northamptonshire Council	APP/M2840/W/25/3366988	https://acp.planninginspectorate.gov.uk/ViewDocument.aspx?fileid=66106637
3358341	2026-09-04	Notice varied and upheld Appeal Decision	Enforcement Notice Appeal	Written representations	29 Grange Road HAYES UB3 2RP	London Borough of Hillingdon	APP/R5510/C/25/3358341	https://acp.planninginspectorate.gov.uk/ViewDocument.aspx?fileid=66037368
3358323	2026-08-26	Not yet decided	Enforcement Notice Appeal	Written representations	95 Greatdown Road LONDON W7 1JR	London Borough of Ealing	APP/A5270/C/25/3358323	
3358322	2026-08-26	Notice Upheld 3358322 - appeal decision.	Enforcement Notice Appeal	Written representations	95 Greatdown Road LONDON W7 1JR	London Borough of Ealing	APP/A5270/C/25/3358322	https://acp.planninginspectorate.gov.uk/ViewDocument.aspx?fileid=66002193
3366748	2026-09-22	Notice Upheld 3366748 Appeal Decision.pd	Enforcement Notice Appeal	Written representations	19 Park Drive LONDON W3 8ND	London Borough of Hounslow	APP/F5540/C/25/3366748	https://acp.planninginspectorate.gov.uk/ViewDocument.aspx?fileid=66106510
3374736	2026-09-22	Quashed on legal grounds APPEAL DECISION	Enforcement Notice Appeal	Written representations	8 Great Groves Goffs Oak Hertfordshire EN7 6SX	Broxbourne Borough Council	APP/W1905/C/25/3374736	https://acp.planninginspectorate.gov.uk/ViewDocument.aspx?fileid=66108496
3366658	2026-09-08	Allowed 3366658 - Appeal Decision.pdf	Lawful Development Certificate Appeal	Written representations	7 Longfellow Road BIRMINGHAM B30 1BN	Birmingham City Council	APP/P4605/X/25/3366658	https://acp.planninginspectorate.gov.uk/ViewDocument.aspx?fileid=66053061
3358138	2026-09-15	Notice varied and upheld	Enforcement Notice Appeal	Written representations	26 Maryside SLOUGH SL3 7ET	Slough Borough Council	APP/J0350/C/24/3358138	
3358137	2026-09-15	Notice varied and upheld 3358137 3358138	Enforcement Notice Appeal	Written representations	26 Maryside SLOUGH SL3 7ET	Slough Borough Council	APP/J0350/C/24/3358137	https://acp.planninginspectorate.gov.uk/ViewDocument.aspx?fileid=66076404
3374627	2026-08-20	Dismissed 3374627 - Appeal Decision.pdf	Lawful Development Certificate Appeal	Written representations	49 Este Road BIRMINGHAM B26 2ET	Birmingham City Council	APP/P4605/X/25/3374627	https://acp.planninginspectorate.gov.uk/ViewDocument.aspx?fileid=65975622
3374622	2026-09-07	Notice varied and upheld Appeal Decision	Enforcement Notice Appeal	Written representations	Land At Rear Of 551-561 Attercliffe Road Kimberley Street Sheffield S9 3RA	Sheffield City Council	APP/J4423/C/25/3374622	https://acp.planninginspectorate.gov.uk/ViewDocument.aspx?fileid=66048551
3366537	2026-08-17	Allowed 3366537-DL.pdf	Lawful Development Certificate Appeal	Written representations	2 St. Bernards Close EXETER EX2 4RX	Exeter City Council	APP/Y1110/X/25/3366537	https://acp.planninginspectorate.gov.uk/ViewDocument.aspx?fileid=65964502
3358009	2026-09-18	Notice varied and upheld Appeal Decision	Enforcement Notice Appeal	Written representations	Chalford Paddocks Oxford Road Old Chalford Chipping Norton OX7 5QR	West Oxfordshire District Council	APP/D3125/C/24/3358009	https://acp.planninginspectorate.gov.uk/ViewDocument.aspx?fileid=66087118
3374566	2026-09-03	Dismissed APPEAL DECISION 3374566 .pdf	Lawful Development Certificate Appeal	Written representations	30 Balmoral Road Fairfield LIVERPOOL L6 8NF	Liverpool City Council	APP/Z4310/X/25/3374566	https://acp.planninginspectorate.gov.uk/ViewDocument.aspx?fileid=66032213
3374492	2026-09-03	Notice varied and upheld 3374492 Appeal 	Enforcement Notice Appeal	Written representations	RAJA FARM LAND OFF YORK ROAD LANGHO BLACKBURN BB6 8DS	Ribble Valley Borough Council	APP/T2350/C/25/3374492	https://acp.planninginspectorate.gov.uk/ViewDocument.aspx?fileid=66031024
3366419	2026-08-28	Allowed Appeal Decision - 3366419_Redact	Community Infrastructure Levy		Hill House Cornsland BRENTWOOD CM14 4JN	Brentwood Borough Council	APP/H1515/L/25/3366419	https://acp.planninginspectorate.gov.uk/ViewDocument.aspx?fileid=66008713
3374416	2026-09-03	Dismissed Appeal Decision - 3374416.pdf	Lawful Development Certificate Appeal	Written representations	37 Thurston Road SLOUGH SL1 3JW	Slough Borough Council	APP/J0350/X/25/3374416	https://acp.planninginspectorate.gov.uk/ViewDocument.aspx?fileid=66031553
3357860	2026-09-08	Notice varied and upheld Appeal Decision	Enforcement Notice Appeal	Written representations	2 Buckingham Road LONDON NW10 4RR	London Borough of Brent	APP/T5150/C/24/3357860	https://acp.planninginspectorate.gov.uk/ViewDocument.aspx?fileid=66050083
3357855	2026-09-08	Notice varied and upheld Appeal Decision	Enforcement Notice Appeal	Written representations	4 Buckingham Road LONDON NW10 4RR	London Borough of Brent	APP/T5150/C/24/3357855	https://acp.planninginspectorate.gov.uk/ViewDocument.aspx?fileid=66050968
3374392	2026-09-18	Quashed on legal grounds APPEAL DECISION	Enforcement Notice Appeal	Written representations	Markham House Markham Road Duckmanton Chesterfield S44 5HP	Chesterfield Borough Council	APP/A1015/C/25/3374392	https://acp.planninginspectorate.gov.uk/ViewDocument.aspx?fileid=66089585
3374376	2026-09-21	Dismissed APPEAL DECISION 3374376.pdf	Planning Listed Building and Conservation Area Appeal (Y)	Written representations	16 Langton Road Norton MALTON YO17 9AD	North Yorkshire Council	APP/U2750/Y/25/3374376	https://acp.planninginspectorate.gov.uk/ViewDocument.aspx?fileid=66104764
3374155	2026-09-18	Planning permission granted Appeal Decis	Enforcement Notice Appeal	Written representations	Land at Town Farm Cottage Brook Street Kingston Blount OX39 4RZ	South Oxfordshire District Council	APP/Q3115/C/25/3374155	https://acp.planninginspectorate.gov.uk/ViewDocument.aspx?fileid=66088139
3366053	2026-09-04	Notice varied and upheld Appeal Decision	Enforcement Notice Appeal	Written representations	26 Otterfield Road WEST DRAYTON UB7 8PE	London Borough of Hillingdon	APP/R5510/C/25/3366053	https://acp.planninginspectorate.gov.uk/ViewDocument.aspx?fileid=66037919
3365957	2026-08-24	Notice Upheld Costs Decision letter 1 - 	Enforcement Notice Appeal	Written representations	1 Mitchell Close Slough SL1 9DY	Slough Borough Council	APP/J0350/C/25/3365957	https://acp.planninginspectorate.gov.uk/ViewDocument.aspx?fileid=65992963
3357462	2026-09-17	Split Decision Appeal Decision 3357462 .	Enforcement Notice Appeal	Written representations	61 Alder Grove LONDON NW2 7DE	London Borough of Brent	APP/T5150/C/24/3357462	https://acp.planninginspectorate.gov.uk/ViewDocument.aspx?fileid=66083723
3357408	2026-09-16	Notice varied and upheld Appeal Decision	Enforcement Listed Building and Conservation Area Appeal	Written representations	29 Princes Street Yeovil Somerset BA20 1EG	Somerset Council	APP/E3335/F/24/3357408	https://acp.planninginspectorate.gov.uk/ViewDocument.aspx?fileid=66079941
3365518	2026-08-18	Notice Upheld APPEAL DECISION 3365518 .p	Enforcement Notice Appeal	Written representations	Heathfield Yard Street through Heathfield Village Heathfield Oxfordshire OX5 3DX	Cherwell District Council	APP/C3105/C/25/3365518	https://acp.planninginspectorate.gov.uk/ViewDocument.aspx?fileid=65966238
3365412	2026-09-08	Notice varied and upheld Appeal Decsisio	Enforcement Notice Appeal	Written representations	29 Rannock Avenue Brent, London NW9 7LD	London Borough of Brent	APP/T5150/C/25/3365412	https://acp.planninginspectorate.gov.uk/ViewDocument.aspx?fileid=66050523
3356927	2026-09-04	Allowed 3356927 Costs Decision.pdf 33569	Lawful Development Certificate Appeal	Written representations	36 Letchworth Road LUTON LU3 2NU	Luton Borough Council	APP/B0230/X/24/3356927	https://acp.planninginspectorate.gov.uk/ViewDocument.aspx?fileid=66037148
3356900	2026-09-18	Not yet decided	Planning Appeal (W)		Unit 1D, Woodstock Studios 36 Woodstock Grove London W12 8LE	London Borough of Hammersmith and Fulham	APP/H5390/W/24/3356900	
3365332	2026-09-04	Notice Upheld Appeal Decision 3365332.pd	Enforcement Notice Appeal	Written representations	81 Ashness Gardens GREENFORD UB6 0RW	London Borough of Ealing	APP/A5270/C/25/3365332	https://acp.planninginspectorate.gov.uk/ViewDocument.aspx?fileid=66038357
