ref	skipped_on	reason
6004392	2026-09-30	Appeal A (planning) of a joint letter with LBC Appeal B 6004393 (Golders Green Road plant); letter text identical and already distilled in PINS-6004393, which covers both refs; no separate file to avoid double-counting heritage findings
6005229	2026-09-30	Appeal B (LBC) of a joint letter with Appeal A 6005225 (1 The Down Cottages, Lamberhurst); letter text identical and already distilled in PINS-6005225, whose key_facts record Appeal B; no separate file
6006631	2026-09-30	enforcement notice (Laughton, Wealden: decking and swimming pool), grounds (f) and (g) only; ground (a) barred as notice issued within two years of a related refused application (DL ¶7-9); compliance period varied from 4 to 8 months; no planning merits or Framework-based reasoning (Framework only noted, DL ¶3)
6006703	2026-09-30	No Framework-based reasoning: PBSA decided on Charnwood LP 2026 Policy H8 (concentration of shared housing); new Framework noted as not significantly changed (DL 5) and no Framework policy applied; heritage settings preserved without Framework tests
6006749	2026-09-30	enforcement notice, ground (f) only (fence removal; linked Appeal B 6006750); no deemed application or planning merits, no Framework-based reasoning (DL ¶3)
6006750	2026-09-30	Enforcement appeal on ground (f) only (Basildon fence, 3 Sep 2026); no deemed application, no planning merits and no Framework-based reasoning
6006808	2026-09-30	Listed building consent Appeal B decided in the same letter as PINS-6006806 (already in cases/, related: lists 6006808); s19 removal of a drainage condition, allowed on new drainage evidence, Framework only "no conflict with the heritage preservation aims" (DL 18); nothing further to learn
6007139	2026-09-30	BT Street Hub and advert (Haverstock Hill, Camden), allowed; decided on Camden Local Plan policies and the advert regulations; Framework consulted on but no Framework policy applied
6007175	2026-09-30	s78 outline for 15 dwellings (Bournemouth Road, Poole, BCP) allowed on living-conditions main issues decided against Poole Local Plan PP27 only; no switch paragraph and no Framework-based reasoning (Framework cited only for obligation tests, DL ¶31-32, ¶44); costs decision separate
6007187	2026-09-30	Backland outline for 3 dwellings (5 Higher Blandford Road, Poole) allowed wholly on development plan policies (character, amenity, BNG, habitats); the 2026 Framework is named only in the switch paragraph (DL ¶2, not consulted) and no Framework policy is applied, so no Framework-based reasoning
6007438	2026-09-30	Class Q prior approval (GPDO): dismissed because building operations not shown to be reasonably necessary (rebuild); Framework noted as raising nothing determinative; no Framework-based reasoning
6007447	2026-09-30	Class Q prior approval (Scarisbrick, 4 dwellings): dismissed as not permitted development (building operations beyond Q.1(j), no structural survey); Framework noted as not determinative (DL ¶4), no Framework-based reasoning; letter misdates decision as 24 Sep 2028; separate costs decision
6007470	2026-09-30	HMO noise appeal (Ceres Road, Greenwich); decided on London Plan and local plan only; Framework mentioned only in the preliminary note
6007477	2026-09-30	Conjoined Appeal (Plot 5, PA/2025/1463) decided in the same letter as PINS-6007474; that file already codes both plots ("Plots 13 and 5", units 2) with identical reasoning; a separate file would duplicate it
6007713	2026-09-30	Retrospective front-garden outbuilding, pergola and bifold doors to a flat (90A Park Road, Teddington) allowed on local plan Policy 28/42 and SPD; Framework noted as not materially changed (DL ¶4) and not otherwise applied, so no Framework-based reasoning
6008247	2026-09-30	Appeal invalid: no biodiversity metric or BNG information with the application (DMPO art 7(1A)), s79(6) applied; no merits decision
6008486	2026-09-30	Planning Appeal A decided in the same letter as LBC Appeal B PINS-6008490 (already in cases/, which records 6008486 in key_facts); single heritage reasoning for both, no separate S4 balance for Appeal A; a separate file would duplicate it
6008553	2026-09-30	No Framework-based reasoning: HMO intensification (6 to 8 beds) decided on Sedgemoor LP D25; revised Framework said not to alter the assessment (DL 2)
6009045	2026-09-30	Class Q prior approval (Beoley, Bromsgrove) under GPDO transitional provisions; no Framework-based reasoning
6009101	2026-09-30	Appeal A (planning) of a joint letter with 6009103 (LBC); identical letter already distilled as PINS-6009103, which records the planning findings (E1, HO7, L2); per harvest-log/sos-and-other.md precedent, not written twice
6009674	2026-09-30	Indoor padel centre, loss of employment floorspace decided on Barnet Local Plan ECY01 only; Framework not consulted on and cited only for conditions; no Framework-based reasoning
6009697	2026-09-30	Part 6 Class A agricultural prior approval (Over Peover, Cheshire East); GPDO only, no Framework-based reasoning
6010111	2026-09-30	Rear dormer to a flat (Rectory Road, Hackney); decided on the SPD and local policies; Framework cited only as a generic chapter 14 conflict; nothing to learn
6010652	2026-09-30	Class MA prior approval (Chiswick, Hounslow); GPDO matters only, no Framework-based reasoning
6010730	2026-09-30	HMO enlargement (Slough, 6 to 9 persons) allowed purely on local plan policies (Core Policy 4, saved H20); the letter never mentions the Framework, so no Framework-based reasoning
6011147	2026-09-30	Class Q prior approval (GPDO): not an established agricultural unit and works amount to rebuilding (Hibbitt); Framework not cited
6012222	2026-09-30	BT Street Hub (with advert appeal 6012225) allowed on Cambridge Local Plan policies and amenity; Framework cited only for conditions tests; no Framework-based reasoning
6012900	2026-09-30	Class R prior approval (Hogs Back Farm Yard, Compton, Guildford): not permitted development because the curtilage exceeds the building footprint (DL ¶12-13); GPDO does not require regard to the Framework (DL ¶4); no Framework-based reasoning; linked appeal 6009810
6012937	2026-09-30	No Framework-based reasoning: shopfront CAS appeal decided on Nottingham DPD DE4; Framework said to raise no new matters (DL 2); queue code HE1 is the local DPD policy, not the NPPF
