reference	decided	decided_by	route	homes_gross	homes_net	counted	category	basis	note	place	proposal	link
26/00125/REM	2026-04-08	council	reserved-matters	0	0	no	-	auto	reserved matters: homes already permitted in outline	Land West Of Evesham Road Salford Priors	Reserved matters (appearance, landscaping, layout and scale) for Plot 4 only pursuant to outline application 24/00614/VARY for 16no. self-build and custom housebuilding plots	https://apps.stratford.gov.uk/Eplanningv2/AppDetail/Index/2d6e735c-28da-c602-8332-08de5a764083
24/01437/FUL	2026-04-13	council	full	3	3	yes	a	auto		Clock Cottage Hurdiss Farm Bush Heath Road Harbury Leamington Spa	Extension of Clock Cottage, change of use of existing cart house and change of use and extension of the attached garages/ancillary domestic storage buildings to provide three new dwellings	https://apps.stratford.gov.uk/Eplanningv2/AppDetail/Index/608b99a0-8aca-c8a1-9ada-08dc895eb70e
24/01438/FUL	2026-04-13	council	full	2	2	yes	a	auto		Hurdiss Farm Bush Heath Road Harbury Leamington Spa	Conversion of ancillary domestic storage building to two dwellings, with associated works to access, landscape and parking	https://apps.stratford.gov.uk/Eplanningv2/AppDetail/Index/e250fcdf-e495-c3d9-6703-08dc8c86dfbc
25/03091/REM	2026-04-14	council	reserved-matters	0	0	no	-	auto	reserved matters: homes already permitted in outline	Land Adj Grafton Lodge Binton	Reserved Matters application pursuant to Outline Planning Permission 19/02940/OUT for matters relating to appearance, landscape, layout and scale	https://apps.stratford.gov.uk/Eplanningv2/AppDetail/Index/1d3fa8ef-b0a9-c3e5-bdd6-08de3e377920
25/03097/FUL	2026-04-17	council	full	3	3	yes	a	override	one home by change of use and two new	The Exchange Mill Lane Newbold-on-Stour Stratford-upon-Avon	Change of use of existing building with alterations and extensions to form dwellinghouse, erection of two new dwellinghouses served by new vehicular access, all associated works.	https://apps.stratford.gov.uk/Eplanningv2/AppDetail/Index/f7879863-a0c0-c366-be13-08de3e38de68
25/02754/FUL	2026-04-21	council	full	3	3	yes	a	auto		Croft Court Croft Lane Temple Grafton	Erection of 3 bungalows and associated works	https://apps.stratford.gov.uk/Eplanningv2/AppDetail/Index/5363d6ee-7dc1-c912-878b-08de211a8fb8
24/02174/REM	2026-04-23	council	reserved-matters	4	0	no	-	auto	reserved matters: homes already permitted in outline	Field Farm Pennyford Lane Wootton Wawen Henley-in-Arden	Application for approval of reserved matters relating to access, appearance, landscaping, layout and scale for four dwellings pursuant to outline planning permission 21/03680/OUT dated 19.08.2022 Outline application for the creation of up t	https://apps.stratford.gov.uk/Eplanningv2/AppDetail/Index/4ad1dae6-d904-ca77-d4f1-08dcc772ce9d
25/02880/FUL	2026-04-23	council	full	1	0	yes	a	auto		Firs Farm Broadwell Rugby	Proposed replacement farmhouse and change of use of part of existing farmyard to domestic curtilage	https://apps.stratford.gov.uk/Eplanningv2/AppDetail/Index/3a9d357b-7c23-cedd-fd05-08de2c01bac3
25/03009/FUL	2026-04-24	council	full	1	0	yes	a	auto		Reddings Cottage Breach Lane Claverdon Warwick	Demolition of existing house and outbuildings and erection of a replacement dwelling	https://apps.stratford.gov.uk/Eplanningv2/AppDetail/Index/cc4bb7f6-8c08-c875-5a62-08de366b3629
26/00448/PIP	2026-04-24	council	pip	1	1	yes	b	auto		Dairy Fields Welford Road Long Marston	Erection of 1 dwelling	https://apps.stratford.gov.uk/Eplanningv2/AppDetail/Index/3dc55b7f-62d5-c8da-327d-08de6faf20b4
25/01153/OUT	2026-04-27	council	outline	1	1	yes	a	auto		Springfield Farm Rise Bosley Close Shipston-on-Stour	Outline planning application with all matters reserved except for access, for demolition of existing building and erection of one bungalow to meet an identified local need	https://apps.stratford.gov.uk/Eplanningv2/AppDetail/Index/053a022c-d2b5-c718-fd71-08dd96ac954b
26/00658/COUMA	2026-04-27	council	prior-approval	1	1	yes	a	auto		Unit 6 Newhouse Farm Business Centre Edstone Wootton Wawen	Prior Approval under Class MA for change of use of a business building (use class E) to one dwelling (use class C3)	https://apps.stratford.gov.uk/Eplanningv2/AppDetail/Index/da5f1b5b-dbdf-c596-598a-08de8332bd46
25/01066/FUL	2026-05-05	council	full	1	1	yes	a	auto	refers to an earlier permission: check for double counting	Wood End Farm Broad Lane Tanworth-in-Arden Solihull	Erection of no.1 infill dwelling with associated parking. Access and position of said dwelling based on previously approved outline application (reference 23/03138/OUT)	https://apps.stratford.gov.uk/Eplanningv2/AppDetail/Index/f2b4710c-91b1-c9be-c9c5-08dd87c618db
25/02524/COUMA	2026-05-05	council	prior-approval	1	1	yes	a	auto		Wills Pastures Wormleighton Southam	Change of use of from office (Use Class E) to dwellinghouse (Use Class C3)	https://apps.stratford.gov.uk/Eplanningv2/AppDetail/Index/2387e5c9-bbb6-c015-bd3a-08de0bc18e14
25/02748/FUL	2026-05-05	council	full	1	0	yes	a	auto		Top Acre Moreton Paddox Moreton Morrell Warwick	Demolition of existing dwelling and erection of replacement dwelling and associated development.	https://apps.stratford.gov.uk/Eplanningv2/AppDetail/Index/aa334038-70ba-ca92-b74d-08de207bfe3d
25/03096/FUL	2026-05-05	council	full	1	1	yes	a	auto		Windy Hill School Lane Priors Marston Southam	Erection of a new dwelling and associated works (including re-location of existing machinery store)	https://apps.stratford.gov.uk/Eplanningv2/AppDetail/Index/ad274096-19c5-cd6d-72fd-08de3d5c2613
26/00647/COUMA	2026-05-05	council	prior-approval	1	1	yes	a	auto		32 Evesham Road Stratford-upon-Avon	Change of use of part of building from dry cleaners (Use Class E) to one dwelling (Use Class C3)	https://apps.stratford.gov.uk/Eplanningv2/AppDetail/Index/afe8492b-477c-ce8f-1365-08de80df9f10
26/00664/FUL	2026-05-11	council	full	1	1	yes	a	auto		Arrow House 8 Church Street Alcester	Change of use from residential accommodation for trainees in connection with existing homecare training facility (Class C2) to a dwellinghouse (Class C3) and associated internal alterations (retrospective).	https://apps.stratford.gov.uk/Eplanningv2/AppDetail/Index/b2aec079-bcdf-cbf6-3522-08de84d46f44
25/02247/FUL	2026-05-12	council	full	3	2	yes	a	auto		42 Post Office Lane Stockton Southam	Demolition of existing dwelling, erection of 3 new dwellings with all associated works	https://apps.stratford.gov.uk/Eplanningv2/AppDetail/Index/de397e33-d3ec-c892-af71-08ddf4ef5cc5
26/00417/FUL	2026-05-12	council	full	1	0	yes	a	auto		Thirk Hill Danzey Green Solihull	Erection of self build replacement dwelling	https://apps.stratford.gov.uk/Eplanningv2/AppDetail/Index/37b7316c-0065-c39e-96e0-08de6dfbf676
26/00501/FUL	2026-05-12	council	full	1	0	yes	a	override	replacement apartment building; number of flats not stated, counted as no net gain	8 Tiddington Road Stratford-upon-Avon	Demolition of the existing detached building and construction of a replacement detached apartment building and coach house with associate landscaping	https://apps.stratford.gov.uk/Eplanningv2/AppDetail/Index/cda23d95-8701-c6e2-3176-08de74662058
26/00621/FUL	2026-05-12	council	full	1	1	yes	a	auto		Twelfth Night Guest House 13 Evesham Place Stratford-upon-Avon	Change of use from guest house (Use Class C1) to residential dwelling (Use Class C3).	https://apps.stratford.gov.uk/Eplanningv2/AppDetail/Index/ae2e1d39-ceed-cdf9-2dba-08de7f44e82f
26/00064/FUL	2026-05-13	council	full	1	-1	yes	a	override	two homes amalgamated into one	Stable Flat Lawnside Kissing Tree Way Alveston Stratford-upon-Avon	Proposed amalgamation of Lawnside and Stable Flat into one family dwelling allowing for and including the following: New raised arched underpass to existing driveway entrance. Extension, conversion and refurbishment of Lawnside's adjoining 	https://apps.stratford.gov.uk/Eplanningv2/AppDetail/Index/35c62a3b-fc2f-cc2f-2b8c-08de51b200a2
25/01435/REM	2026-05-14	council	reserved-matters	0	0	no	-	auto	reserved matters: homes already permitted in outline	Land To The North Of Idlicote Road Halford	Reserved matters application pursuant to outline planning permission, referenced 21/03775/OUT for approval of the appearance, landscaping, layout, and scale. Outline permission for the construction of up to 15 self-build/ custom-build dwell	https://apps.stratford.gov.uk/Eplanningv2/AppDetail/Index/39748985-ac16-caf7-9973-08ddae7d022b
25/01016/FUL	2026-05-15	appeal	full	3	3	yes	a	auto	appeal 6003804	Land To Rear Of Duncans Pet And Garden Centre Church Street Wellesbourne	Three new dwellings and associated works	https://apps.stratford.gov.uk/Eplanningv2/AppDetail/Index/e4cf6099-42c8-c134-1028-08dd825cff32
25/01445/FUL	2026-05-15	council	full	4	4	yes	a	auto		The Barn Newbold Mill Mill Lane Newbold-on-Stour Stratford-upon-Avon	Erection of four detached dwellings with all associated works.	https://apps.stratford.gov.uk/Eplanningv2/AppDetail/Index/5ba517b5-6abe-c613-3192-08ddadb10bf5
25/02878/OUT	2026-05-15	council	outline	1	1	yes	a	auto		Land At Cadbold Farmhouse Pillerton Priors Warwick	Outline application with all matters reserved except for access, for the erection of one self-build/custom build dwelling, formation of vehicular access from A422 Banbury Road, and all associated works	https://apps.stratford.gov.uk/Eplanningv2/AppDetail/Index/d474e8b4-c9aa-c70a-449a-08de325908c3
25/03147/REM	2026-05-18	council	reserved-matters	0	0	no	-	auto	reserved matters: homes already permitted in outline	Plot 7 Walton Road Wellesbourne	Plot 7 - Reserved Matters application for Appearance, Landscaping, Layout and Scale pursuant to outline planning permission 22/00182/OUT (Outline planning application (some matters reserved) for the phased development of 10 custom build dwe	https://apps.stratford.gov.uk/Eplanningv2/AppDetail/Index/f1a07d92-67f7-c2da-e0a2-08de4d318736
24/00537/REM	2026-05-21	council	reserved-matters	146	0	no	-	auto	reserved matters: homes already permitted in outline	Upper Lighthorne New Settlement, Phase 2E Parcel B6 (David Wilson Homes)	Approval of reserved matters for Sub-Phase 2e Parcel B6 residential development of 146 dwellings with associated garages and infrastructure pursuant to Outline Planning Permission 15/00976/OUT	https://apps.stratford.gov.uk/Eplanningv2/AppDetail/Index/e9e22308-a8f8-c3ec-9f8d-08dc67b3c59b
26/00494/PIP	2026-05-21	council	pip	1	1	yes	b	auto		Land Adjacent Rose Cottage Stratford Road Hockley Heath	Permission in principle for the development of a single infill self-build dwelling on land between Rose Cottage and Nuthurst Lea, Stratford Road	https://apps.stratford.gov.uk/Eplanningv2/AppDetail/Index/49791837-3794-cba2-f190-08de73b6d6ef
26/00500/PIP	2026-05-21	council	pip	9	9	yes	b	auto		The Original Factory Shop Oxford Street Southam	Permission in Principle - Residential led, re-development to create up to 9no. dwellings and 180m sq of retail floor space and associated works	https://apps.stratford.gov.uk/Eplanningv2/AppDetail/Index/c1634a55-eca6-c845-d96a-08de7463586b
26/00535/REM	2026-05-22	council	reserved-matters	0	0	no	-	auto	reserved matters: homes already permitted in outline	Land West Of Evesham Road Salford Priors	Reserved matters (appearance, landscaping, layout and scale) for Plot 5 only pursuant to outline application 24/00614/VARY for 16no. self-build and custom housebuilding plots.	https://apps.stratford.gov.uk/Eplanningv2/AppDetail/Index/720d7c94-f81e-c563-277a-08de8031b55d
26/00549/REM	2026-05-22	council	reserved-matters	0	0	no	-	auto	reserved matters: homes already permitted in outline	Land West Of Evesham Road Salford Priors	Reserved matters (appearance, landscaping, layout and scale) for Plot 6 only pursuant to outline application 24/00614/VARY for 16no. self-build and custom housebuilding plots.	https://apps.stratford.gov.uk/Eplanningv2/AppDetail/Index/7df60cb9-6710-ca77-ede7-08de84c7dc77
25/02755/FUL	2026-05-26	council	full	5	5	yes	a	auto		Land At Bull Ring Farm Bull Ring Farm Road Harbury	Erection of five dwellings, creation of new access and associated works	https://apps.stratford.gov.uk/Eplanningv2/AppDetail/Index/be9c9ac9-ebeb-c539-dc6e-08de2773f8a6
25/01061/PIP	2026-05-29	appeal	pip	1	0	yes	b	override	replacement dwelling; appeal 6004872; appeal 6004872	The Lodge Arlescote Road Arlescote Banbury	Residential development. Replacement of two storey dwelling, up to 343sqm, following the removal of the existing dwelling and ancillary residential buildings	https://apps.stratford.gov.uk/Eplanningv2/AppDetail/Index/0ab76d3d-69bc-c583-dd59-08dd8728401b
26/00463/REM	2026-06-01	council	reserved-matters	10	0	no	-	auto	reserved matters: homes already permitted in outline	Land Off Walton Road Wellesbourne	Reserved matters relating to appearance, landscaping, layout and scale of Plot 10 of planning permission 22/00182/OUT (Outline planning application (some matters reserved) for the phased development of 10 custom build dwellings, formation o	https://apps.stratford.gov.uk/Eplanningv2/AppDetail/Index/6893fb24-f730-c2f8-f20f-08de79422c97
26/00851/FUL	2026-06-01	council	full	1	0	yes	a	override	regularises a home permitted under 21/01926/FUL	Bridgetown And Mewslade Poolhead Lane Tanworth-in-Arden Solihull	Retrospective planning application to regularise changes to one new dwelling and alterations to existing dwelling, in lieu of planning permission 21/01926/FUL which granted alterations to the existing dwelling and the erection of a new dwel	https://apps.stratford.gov.uk/Eplanningv2/AppDetail/Index/b86edb7e-ee72-cc8c-1e9f-08de9a05a33b
26/00894/COUQ	2026-06-03	council	prior-approval	1	1	yes	a	auto		Wolverton Grange Farm Wolverton Stratford-upon-Avon	Conversion of existing barn to a three bedroom dwelling	https://apps.stratford.gov.uk/Eplanningv2/AppDetail/Index/51dfd8ef-40f0-ceba-ffd2-08de9577dbef
26/00101/FUL	2026-06-04	council	full	1	1	yes	a	auto		The Red House Marton Road Long Itchington Southam	Erection of a self-build dwelling and associated infrastructure.	https://apps.stratford.gov.uk/Eplanningv2/AppDetail/Index/01a66630-c247-cb02-663b-08de537e4fd0
25/02539/FUL	2026-06-05	council	full	1	1	yes	a	auto		Ransford Barn Quarry Road Edgehill Banbury	Conversion of redundant agricultural stone barn to residential dwelling with associated landscaping, driveway and garden/amenity area	https://apps.stratford.gov.uk/Eplanningv2/AppDetail/Index/a3fe1918-063c-cab3-f2a8-08de16ff5767
26/00295/FUL	2026-06-07	council	full	0	0	yes	a	auto	traveller pitches, not counted	Lapworth Hill Stratford Road Lapworth	Change of use of existing storage land to mixed use as residential caravan site for 1 residential pitch to accommodate Gypsy/ Traveller lifestyle, together with the keeping of horses	https://apps.stratford.gov.uk/Eplanningv2/AppDetail/Index/96a1355b-80a3-c645-b7ea-08de6e0f87d6
25/02776/FUL	2026-06-09	appeal	full	1	1	yes	a	auto	appeal APP/J3720/W/26/3377907	Talliefields Aylesmore Shipston-on-Stour	Conversion of agricultural building to single dwelling	https://apps.stratford.gov.uk/Eplanningv2/AppDetail/Index/e0b67765-ba31-cb32-9cf7-08de229c2aeb
26/00241/FUL	2026-06-09	council	full	4	4	yes	a	auto		Manor Farm Brook Road Aston Cantlow Henley-in-Arden	Conversion of redundant barns into 4 x residential units with associated works including demolition of a portal frame barn; partial removal and reinstatement of boundary wall in connection with amended access arrangements and associated wor	https://apps.stratford.gov.uk/Eplanningv2/AppDetail/Index/52f6a79f-da51-c62b-6ad1-08de5f26f766
26/00784/REM	2026-06-09	council	reserved-matters	0	0	no	-	auto	reserved matters: homes already permitted in outline	Land West Of Evesham Road Salford Priors	Reserved matters (appearance, landscaping, layout and scale) for Plot 9 only pursuant to outline application 24/00614/VARY for 16no. self-build and custom housebuilding plots.	https://apps.stratford.gov.uk/Eplanningv2/AppDetail/Index/b69a1fd3-e1fe-c321-8780-08de90c89372
23/01922/FUL	2026-06-10	appeal	full	1	1	yes	a	auto	appeal APP/J3720/W/25/3360895	Fox And Hounds Inn Moreton In Marsh Road Great Wolford Warwickshire	Change of use of former public house (Sui Generis) to a single dwelling (C3).	https://apps.stratford.gov.uk/Eplanningv2/AppDetail/Index/a203b9f6-51f5-ca73-d9d0-08dc68352788
26/00986/COUQ	2026-06-10	council	prior-approval	1	1	yes	a	auto		Agricultural Building Adjacent To Wittonhill House Kings Coughton Lane Kings Coughton Alcester	Change of use of an agricultural building to 1 no. dwellinghouse and associated operational development.	https://apps.stratford.gov.uk/Eplanningv2/AppDetail/Index/a1127a4b-3932-c011-5cf4-08de9edd7a1d
26/00828/REM	2026-06-11	council	reserved-matters	0	0	no	-	auto	reserved matters: homes already permitted in outline	Garages Chapel Street Wellesbourne	Reserved matters relating to appearance, landscaping, layout and scale pursuant to outline application 25/00246/OUT for demolition of existing garages, erection of one self-build/custom build dwelling, and all associated works.	https://apps.stratford.gov.uk/Eplanningv2/AppDetail/Index/0194ec87-c3d8-c69e-5450-08de956ec843
25/01934/FUL	2026-06-15	council	full	1	1	yes	a	auto		2 Southam Street Kineton Warwick	Change of use of outbuilding to dwelling	https://apps.stratford.gov.uk/Eplanningv2/AppDetail/Index/12f471f5-c3ba-c0fa-a413-08ddda748250
26/00956/FUL	2026-06-15	council	full	1	1	yes	a	auto		Shepherds Barn Thorntons Lane Napton-on-the-Hill Southam	Change of use from holiday let to Class C3 Residential Dwelling	https://apps.stratford.gov.uk/Eplanningv2/AppDetail/Index/72774859-c752-cd65-2870-08de9a37f38f
25/01081/FUL	2026-06-17	council	full	1	1	yes	a	auto		Land Adjacent Oxstalls The Green Tanworth-in-Arden	Proposed Self and Custom Build Dwelling	https://apps.stratford.gov.uk/Eplanningv2/AppDetail/Index/7281b4dd-8702-cd11-d1ef-08dd896f7d82
26/00806/FUL	2026-06-17	council	full	5	5	yes	a	auto		Kingston Farm Located West Of Kingston Barn Cottages Chesterton	Conversion of agricultural unit into 5no. residential dwellings and associated landscape works.	https://apps.stratford.gov.uk/Eplanningv2/AppDetail/Index/dd29bc7f-ee93-c6e3-063e-08de90b7cc8a
26/00907/PIP	2026-06-18	council	pip	9	9	yes	b	auto		Land North Of Butlers Road Long Compton	Permission in principle for the development of land for 5-9 dwellings	https://apps.stratford.gov.uk/Eplanningv2/AppDetail/Index/03258f11-0435-cdb1-dcce-08de963a0697
26/01092/COUQ	2026-06-19	council	prior-approval	7	7	yes	a	auto		The Cattle Building At Hurdiss Farm Harbury Located Adjacent To The GP Building And Dairy Cottage	Conversion of the existing cattle building, located within the former agricultural unit at Hurdiss Farm, into 7 no. units, creation of parking to serve the proposed dwellings, and associated hard and soft landscaping works. The units are pl	https://apps.stratford.gov.uk/Eplanningv2/AppDetail/Index/10baefb0-1572-c2ef-75a7-08dea76a87c8
25/01794/COUQ	2026-06-23	appeal	prior-approval	1	1	yes	a	auto	appeal 6006599	Fell Mill Farm Honington Shipston-on-Stour	A request as to whether prior approval is required, and if it is, if it is given, in respect of the change of use of a building (Barn 2) from agriculture to a use falling within class C3 (dwelling houses) under class Q of the Town and Count	https://apps.stratford.gov.uk/Eplanningv2/AppDetail/Index/3b781072-543d-c398-c2d6-08ddcb5a5b2b
26/00743/FUL	2026-06-24	council	full	1	0	yes	a	override	revision of 25/02813/FUL	The Coach House Beaudesert Park Birmingham Road Henley-in-Arden	Erection of 1 no. self-build dwelling and associated works (revision to approval 25/02813/FUL)	https://apps.stratford.gov.uk/Eplanningv2/AppDetail/Index/ea27602c-5abc-cf01-c23b-08de88c3aab1
26/00837/FUL	2026-06-26	council	full	1	0	yes	a	auto		Little Ling Newnham Henley-in-Arden	Demolition of existing dwelling and stables and erection of replacement self-build dwelling and associated works.	https://apps.stratford.gov.uk/Eplanningv2/AppDetail/Index/f486c3d8-10a7-c921-e37b-08de8f1dc66b
26/01155/REM	2026-06-26	council	reserved-matters	1	0	no	-	auto	reserved matters: homes already permitted in outline	Plot 1 Walton Road Wellesbourne	Proposed erection of a single dwellinghouse on plot 1 pursuant to Outline Planning Permission 22/00182/OUT (some matters reserved) for the phased development of 10 custom build dwellings, formation of new vehicular access from Walton Road a	https://apps.stratford.gov.uk/Eplanningv2/AppDetail/Index/964d6a17-150b-c32b-02cb-08deaf60bd05
26/00768/FUL	2026-06-30	council	full	1	1	yes	a	auto		Land South Of Idlicote Road Adjacent Plum Trees Idlicote Road Halford Shipston-on-Stour	Erection of one self-build/custom build dwelling, widening and alterations to existing vehicular access, and all associated works. Demolition of existing hay/shelter building on site.	https://apps.stratford.gov.uk/Eplanningv2/AppDetail/Index/806b4fde-b161-c653-88da-08de96ff038b
26/01044/COUQ	2026-06-30	council	prior-approval	1	1	yes	a	auto		The Old House Gentlemans Lane Ullenhall Henley-in-Arden	Proposed change of use of 1 no. agricultural building to 1 no. dwellinghouse and associated operational development.	https://apps.stratford.gov.uk/Eplanningv2/AppDetail/Index/ab66f0b2-aa26-c99c-e9dd-08dea42b4e74
26/01118/REM	2026-06-30	council	reserved-matters	0	0	no	-	auto	reserved matters: homes already permitted in outline	Land West Of Evesham Road Salford Priors	Reserved matters (appearance, landscaping, layout and scale) for Plot 10 only pursuant to outline application 24/00614/VARY for 16no. self-build and custom housebuilding plots.	https://apps.stratford.gov.uk/Eplanningv2/AppDetail/Index/780fdbab-0514-c3b3-38c6-08deab585ddb
25/02998/FUL	2026-07-01	council	full	1	1	yes	a	auto		Springfield Farm Pillerton Hersey	Demolition of agricultural building and erection of 1 self build dwelling with Class Q fallback.	https://apps.stratford.gov.uk/Eplanningv2/AppDetail/Index/2d76038c-e7a0-c354-807a-08de380a24ea
26/00135/FUL	2026-07-02	council	full	1	0	yes	a	override	replaces a barn with permission for conversion to a home	Glebe Farm Vicarage Hill Tanworth-in-Arden Solihull	Demolition of existing barn (with permission for conversion to a self-contained dwelling) and erection of new dwelling (self build)	https://apps.stratford.gov.uk/Eplanningv2/AppDetail/Index/1374ab26-6916-ce83-bb09-08de573174d6
26/01217/COUQ	2026-07-02	council	prior-approval	8	8	yes	a	auto		Agricultural Building Croft Farm Banbury Road Stratford-upon-Avon	Prior approval application for the conversion of an agricultural building into eight dwellings	https://apps.stratford.gov.uk/Eplanningv2/AppDetail/Index/6bdfb748-a002-c735-7d94-08deb2829a83
26/01080/PIP	2026-07-06	council	pip	6	5	yes	b	auto		Ufton Garage Southam Road Ufton	Permission in Principle - Erection of up to 6 dwellings (net 5)	https://apps.stratford.gov.uk/Eplanningv2/AppDetail/Index/6bd044f4-d526-cef2-0f39-08dea69b124b
26/01183/FUL	2026-07-09	council	full	2	2	yes	a	auto		Land Off Queen Elizabeth Way Bidford-on-Avon	Erection of 2 no. detached dwellings with associated garages, access, parking and landscaping	https://apps.stratford.gov.uk/Eplanningv2/AppDetail/Index/db4c809f-26ae-c401-9577-08deb00a767a
24/03281/OUT	2026-07-10	appeal	outline	300	300	yes	b	auto	appeal APP/J3720/W/25/3365027	Land East Of Kineton Road Wellesbourne	Outline Planning application with all matters reserved except access, for up to 300 dwellings and associated green space and biodiversity enhancements.	https://apps.stratford.gov.uk/Eplanningv2/AppDetail/Index/86047cb3-1044-c66f-0658-08dd242f2519
24/01862/FUL	2026-07-13	appeal	full	1	0	yes	a	auto	appeal 6003218	Westview Springbrook Lane Earlswood Solihull	Erection of a self build replacement dwelling.	https://apps.stratford.gov.uk/Eplanningv2/AppDetail/Index/3704ba28-f8b4-c421-4579-08dcac781ba1
26/01046/FUL	2026-07-13	council	full	1	1	yes	a	auto		Salamander Guest House 40 Grove Road Stratford-upon-Avon	Change of Use from Guest House to Private Dwelling	https://apps.stratford.gov.uk/Eplanningv2/AppDetail/Index/49194a70-aabc-cecb-0af4-08dea42b4e70
26/01473/PIP	2026-07-13	council	pip	8	8	yes	b	auto		Land South Of Brook Lane Moreton Morrell	Permission in Principle for the erection of 8 residential dwellings on land south of Brook Lane, Moreton Morrell, Warwickshire	https://apps.stratford.gov.uk/Eplanningv2/AppDetail/Index/683c9573-d9a2-ce2f-57d6-08dec6222b0b
24/03143/OUT	2026-07-14	council	outline	70	70	yes	b	auto		Land East Of Lighthorne Road Kineton	Outline application for the erection of up to 70 dwellings, associated infrastructure, landscape and biodiversity enhancements, all matters reserved except for access from Lighthorne Road	https://apps.stratford.gov.uk/Eplanningv2/AppDetail/Index/6e6b7e34-876e-ce27-4b8e-08dd1b940394
26/00411/FUL	2026-07-14	council	full	1	1	yes	a	auto		Chestnut Rise Farm Kington Lane Claverdon Warwick	Demolition of existing barn and stable building and erection of a 5-bed detached dwelling	https://apps.stratford.gov.uk/Eplanningv2/AppDetail/Index/4a3797d6-95e5-c90c-ffd9-08de6d7d954b
26/00932/FUL	2026-07-14	council	full	0	0	yes	a	auto	traveller pitches, not counted	Oaklands Redditch Road Studley	Proposed addition of 4no. mobile homes, 2no. touring caravans and a shared amenity building, in relation to an existing gypsy and traveller site, resulting in a gypsy and traveller site containing 6no. mobile homes, 6 touring caravans and a	https://apps.stratford.gov.uk/Eplanningv2/AppDetail/Index/fca518c0-bc02-c210-a0f4-08de992b0bed
26/01255/PIP	2026-07-14	council	pip	6	6	yes	b	auto		Land Off New Road Alderminster	Permission in principle for the erection of up to 6 dwellings	https://apps.stratford.gov.uk/Eplanningv2/AppDetail/Index/0da96da0-0c14-c329-c4b7-08deb5a52aa5
26/01111/FUL	2026-07-15	council	full	2	2	yes	a	auto		Southerly Park Farm Binton Stratford-upon-Avon	Demolition of Existing Agricultural Barn and Construction of 2 dwellings.	https://apps.stratford.gov.uk/Eplanningv2/AppDetail/Index/35ea0158-a223-c02a-b928-08dea9ccff7d
25/00641/FUL	2026-07-17	council	full	1	1	yes	a	auto		The Lench House 51 Tiddington Road Stratford-upon-Avon	Construction of new self-build dwelling and associated works.	https://apps.stratford.gov.uk/Eplanningv2/AppDetail/Index/17afaa6f-306c-cc98-720c-08dd656d80a9
26/00335/FUL	2026-07-17	council	full	1	0	yes	a	auto		Hill Crest Hellidon Road Priors Marston Southam	Replacement Dwelling Garage, with storage for bins cycles Demolition of existing dwelling	https://apps.stratford.gov.uk/Eplanningv2/AppDetail/Index/0e644e3e-a1f1-c4cc-a834-08de67c2bc27
26/00428/FUL	2026-07-17	council	full	1	1	yes	a	auto		Flat Above Sicca Lodge Wyre Lane Long Marston Stratford-upon-Avon	Conversion of existing over-garage accommodation to form a self-contained one-bedroom dwelling (Use Class C3), with associated parking, refuse storage and balcony at first floor at Sicca Lodge, Wyre Lane, CV37 8RQ.	https://apps.stratford.gov.uk/Eplanningv2/AppDetail/Index/f08a1b0f-c984-ce04-2b74-08de6ec46c9a
26/00461/PIP	2026-07-17	council	pip	6	6	yes	b	auto		Hornbeam Paddocks Wolverton Fields Norton Lindsey Warwick	The erection of up to six houses (permission in principle application)	https://apps.stratford.gov.uk/Eplanningv2/AppDetail/Index/5e340b5a-fd26-c780-1ad1-08de7061ee31
26/01133/FUL	2026-07-20	council	full	1	0	yes	a	override	redevelopment of an existing property into one home	Windmill Stables Lye Green Claverdon Warwick	Redevelopment of existing property and associated stables, garage and outbuilding to create a new dwelling with associated works.	https://apps.stratford.gov.uk/Eplanningv2/AppDetail/Index/bad57949-d483-c80b-26a9-08deab81a21c
26/01544/COUG	2026-07-20	council	prior-approval	1	1	yes	a	override	upper floors to one flat	12 Wood Street Stratford-upon-Avon	12 Wood Street currently comprises a ground floor retail premesis with unused storage space on levels 1 and 2. The property is a single unit with stairs to every level. Prior approval is sought to convert levels 1 and 2 to a single resident	https://apps.stratford.gov.uk/Eplanningv2/AppDetail/Index/b6f70509-89e0-c9aa-7a96-08decc3ecfbc
26/00769/FUL	2026-07-22	council	full	1	1	yes	a	override	offices converted back to a house	2 School Road Wellesbourne Warwick	Proposed conversion of offices back to original house	https://apps.stratford.gov.uk/Eplanningv2/AppDetail/Index/5403053a-f4fd-c429-e15a-08de8a6f26aa
25/01762/FUL	2026-07-23	council	full	1	1	yes	a	auto		Willow Farm Alveston Stratford-upon-Avon	Full planning application for the erection of a self-build agricultural workers dwelling on the farm for the means of succession	https://apps.stratford.gov.uk/Eplanningv2/AppDetail/Index/e5f691b8-2cc8-c2cc-a00c-08ddc8feda2f
26/00496/OUT	2026-07-23	council	outline	5	3	yes	a	override	demolishes existing houses; taken as two	Arrow Bridge House Arrow Alcester	Outline application (All matters reserved except for access) for the erection of up to 5 dwellings and associated works including demolition of existing houses and buildings.	https://apps.stratford.gov.uk/Eplanningv2/AppDetail/Index/9ccbd38f-f64f-cd44-3099-08de7444952f
26/01397/PIP	2026-07-23	council	pip	1	1	yes	b	auto		Land At Cank Farm Well Lane Tanworth-in-Arden	Erection of dwelling house	https://apps.stratford.gov.uk/Eplanningv2/AppDetail/Index/1f1cfa25-7d97-c95e-0680-08debfd98bde
25/01793/REM	2026-07-24	council	reserved-matters	0	0	no	-	auto	reserved matters: homes already permitted in outline	Opposite Walton Farm Banbury Road Kineton	Approval of reserved matters in respect of 20/01840/OUT (date of decision 07.02.2023)	https://apps.stratford.gov.uk/Eplanningv2/AppDetail/Index/fa3e2f48-4cf1-c855-3a7b-08ddcb56dd0c
26/00697/FUL	2026-07-24	council	full	1	0	yes	a	auto		Elmhurst Farm Wawensmere Road Wootton Wawen Henley-in-Arden	Demolition of existing house, erection of self builld replacement dwelling and new detached garage, associated external works.	https://apps.stratford.gov.uk/Eplanningv2/AppDetail/Index/61d4f0ee-ed83-cebd-f7f7-08de84f76433
26/00863/OUT	2026-07-24	council	outline	1	1	yes	a	auto		1 Heath Cottage Annex Heath Cottage Common Lane Yarningale Common Warwick	Outline application including access, layout and scale for the conversion of existing annexe into an independent dwelling.	https://apps.stratford.gov.uk/Eplanningv2/AppDetail/Index/5e41fd13-4e0e-c6b1-6e89-08de908dde5d
26/01123/FUL	2026-07-30	council	full	1	1	yes	a	auto		Land To The Rear Of Japonica Cottage Priors Marston	Conversion of existing barn and attached former pigsties to form one dwellinghouse	https://apps.stratford.gov.uk/Eplanningv2/AppDetail/Index/1beaf48a-c175-cb52-35b1-08deac20d12f
26/01215/PIP	2026-07-30	council	pip	2	2	yes	b	auto		Land South-East Of Mill Lane Mill Lane Newbold-on-Stour	Erection of 2 no. dwellings and associated works	https://apps.stratford.gov.uk/Eplanningv2/AppDetail/Index/217aa8e8-23c3-c5b9-3757-08deb281eac3
26/01240/PIP	2026-07-30	council	pip	3	3	yes	b	auto		Land North East Of The Exchange Mill Lane Newbold-on-Stour	Demolition of Field Shelter and Erection of up to 3.No Dwellings and Associated works.	https://apps.stratford.gov.uk/Eplanningv2/AppDetail/Index/d352582e-1a0a-c3a3-eea1-08deb4db4fcc
26/01471/COUQ	2026-08-03	council	prior-approval	3	3	yes	a	auto		Bungalow Farm Site Kitebrook	Application for prior approval under Class Q of Part 3, Schedule 2 of the Town and Country Planning (General Permitted Development) (England) Order 2015 (As Amended) to convert two agricultural barns into 3 x dwellings.	https://apps.stratford.gov.uk/Eplanningv2/AppDetail/Index/6eb9ef71-b5a5-cc45-39dc-08dec6063648
25/03100/FUL	2026-08-05	appeal	full	3	0	yes	a	override	three homes replace three bungalows; appeal 6008986; appeal 6008986	1 Alveston Farm Bungalows Alveston Stratford-upon-Avon	Proposed demolition of 1-3 Alveston Farm Bungalows and replacement with 3 dwellings and associated works	https://apps.stratford.gov.uk/Eplanningv2/AppDetail/Index/844b3826-55ce-c9d4-9519-08de3d7dafb0
25/00757/FUL	2026-08-07	council	full	3	3	yes	a	override	barns converted to three homes	Home Farm Lower Tysoe Warwick	Repairs and Alterations to Existing Farmhouse, Conversion of Existing Stone Barns into 3 no. Dwelllings, Demolition of Steel Framed Barn	https://apps.stratford.gov.uk/Eplanningv2/AppDetail/Index/ced3797b-d89a-c8f1-8df6-08dd6c80ae7c
26/00527/FUL	2026-08-11	council	full	1	1	yes	a	override	in lieu of a permitted annexe, so a new home	Church Barn Wixford Alcester	Construction of Self-build dwelling in lieu of extant permission for residential annexe (ref: 23/01792/FUL).	https://apps.stratford.gov.uk/Eplanningv2/AppDetail/Index/958345c2-5849-c261-8212-08de76093bde
25/01307/REM	2026-08-12	council	reserved-matters	0	0	no	-	auto	reserved matters: homes already permitted in outline	Land North Of Millers Close Welford-on-Avon	Application for approval of Reserved Matters relating to layout, scale, appearance and landscaping for the laying out of public open space and site infrastructure pursuant to conditions 1, 4 and 5 of approved outline Planning Permission 21/	https://apps.stratford.gov.uk/Eplanningv2/AppDetail/Index/d4be976f-a142-cc4f-470c-08dda349b0fc
26/00568/FUL	2026-08-12	council	full	1	1	yes	a	auto		Former Stables Rear Of Copperfields Broad Lane Tanworth-in-Arden Solihull	Change of use of holiday cottage to dwelling	https://apps.stratford.gov.uk/Eplanningv2/AppDetail/Index/4cd21b93-5c84-c6c8-d8e6-08de7acabc18
26/00750/FUL	2026-08-12	council	full	1	0	yes	a	auto		Grayson Broad Lane Tanworth-in-Arden Solihull	Replacement dwelling, entrance gate and fencing	https://apps.stratford.gov.uk/Eplanningv2/AppDetail/Index/7c930abd-511e-c773-b443-08de88ed9d61
26/01491/REM	2026-08-12	council	reserved-matters	0	0	no	-	auto	reserved matters: homes already permitted in outline	Land West Of Evesham Road, Salford Priors	Reserved matters (appearance, landscaping, layout and scale) for plot 4 only pursuant to outline application 24/00614/VARY for 16No. self-build and custom housebuilding plots	https://apps.stratford.gov.uk/Eplanningv2/AppDetail/Index/234e4958-0a02-c375-9e48-08dec7bef8ea
26/01504/REM	2026-08-12	council	reserved-matters	0	0	no	-	auto	reserved matters: homes already permitted in outline	Land West Of Evesham Road Salford Priors	Reserved matters (appearance, landscaping, layout and scale) for Plot 8 only pursuant to outline application 24/00614/VARY for 16 no. self-build and custom housebuilding plots.	https://apps.stratford.gov.uk/Eplanningv2/AppDetail/Index/dd594b25-e502-cbe2-d648-08dec875fd54
26/00032/FUL	2026-08-13	council	full	5	5	yes	a	auto		68 Westholme Road Bidford-on-Avon Alcester	Demolition of conservatory, various alterations to No 68 Westholme Road. Demolition of buildings to rear of No 68 and erection of 5 dwellings. Alterations to vehicular access onto Westholme Road. All associated works	https://apps.stratford.gov.uk/Eplanningv2/AppDetail/Index/ebc12a01-08ca-c033-a418-08de4df5c58c
26/00524/FUL	2026-08-13	council	full	4	4	yes	a	auto		Great Alne Social Club Great Alne Alcester	Proposed change of use from vacant and derelict social club to 4no. 1 Bedroom Apartments	https://apps.stratford.gov.uk/Eplanningv2/AppDetail/Index/dd50169f-3d02-c1a3-ccf7-08de75f011cc
26/01409/FUL	2026-08-13	council	full	1	1	yes	a	auto		6 Banbury Road Ettington Stratford-upon-Avon	Proposed first floor extension to existing building to create 1no. dwelling	https://apps.stratford.gov.uk/Eplanningv2/AppDetail/Index/959d9084-fec7-c264-ebeb-08dec096d196
26/00529/FUL	2026-08-14	council	full	1	1	yes	a	auto		Compton Scorpion Barn Compton Scorpion Farm Compton Scorpion Ilmington	Conversion and change of use of agricultural buildings to a dwelling with associated access drive.	https://apps.stratford.gov.uk/Eplanningv2/AppDetail/Index/8132f8dd-261a-c0c8-1c3d-08de78331cc7
26/01749/PIP	2026-08-14	council	pip	1	1	yes	b	auto		October House Tredington Park Tredington Shipston-on-Stour	Permission in Principle for 1no dwelling and detached garage.	https://apps.stratford.gov.uk/Eplanningv2/AppDetail/Index/80180bd3-515d-c987-5e4a-08dee17ea078
26/01618/COUQ	2026-08-19	council	prior-approval	2	2	yes	a	auto		Eastern Hill Farm Evesham Road Astwood Bank Redditch	Notification for prior approval for the proposed change of use of an agricultural building (The Butch Barn) to two residential dwellings(Class C3 ) and associated operational development.	https://apps.stratford.gov.uk/Eplanningv2/AppDetail/Index/c720f1ab-4965-c91c-bd4f-08ded5e6c46a
26/01393/FUL	2026-08-25	council	full	5	5	yes	a	auto		Barn Adjacent To Stonecroft House Kineton Road Oxhill	Demolition of existing barns; erection of 5 dwellings with associated works	https://apps.stratford.gov.uk/Eplanningv2/AppDetail/Index/2083f40e-5098-c989-dbd0-08dec0ac7cc1
26/01764/PIP	2026-08-25	council	pip	6	6	yes	b	auto		Pittern Hill Riding School Pittern Hill Kineton	Erection of up to six dwellinghouses.	https://apps.stratford.gov.uk/Eplanningv2/AppDetail/Index/49ecd725-1646-cc3d-eae3-08dee313bf94
25/02369/FUL	2026-08-27	council	full	7	7	yes	a	auto		Land At Checketts Abattoir Long Compton	Demolition of all but one of the existing buildings and the construction of seven dwellings, provision of car parking (including garages), change of use of land to residential, provision of a new vehicular access and all other associated de	https://apps.stratford.gov.uk/Eplanningv2/AppDetail/Index/48c065c6-5714-c5a6-bc1f-08de057dcfe7
26/00898/FUL	2026-09-01	council	full	2	1	yes	a	auto		Hollow Meadow Lower End Priors Hardwick Southam	Proposed sub-division of existing dwelling to create two dwellings, with external and internal alterations	https://apps.stratford.gov.uk/Eplanningv2/AppDetail/Index/213ea536-c404-cd01-a2c8-08de9bd1f4cd
26/01458/FUL	2026-09-03	council	full	1	0	yes	a	override	in lieu of 25/02256	The Barn Tithe Barn Lane Hockley Heath	Proposed demolition of an existing agricultural barn and the proposed erection of a single self-build dwelling with detached garage and associated landscaping and development in lieu of 25/02256/PIP.	https://apps.stratford.gov.uk/Eplanningv2/AppDetail/Index/87b2c02e-9845-ccac-142a-08dec562c6ee
26/01311/REM	2026-09-08	council	reserved-matters	1	0	no	-	auto	reserved matters: homes already permitted in outline	Plot 8 Walton Road Wellesbourne	Proposed erection of a single dwellinghouse on plot 8 pursuant to the Outline Planning Permission 22/00182/OUT (some matters reserved) for the phased development of 10 custom build dwellings, formation of new vehicular access from Walton Ro	https://apps.stratford.gov.uk/Eplanningv2/AppDetail/Index/9b921251-e017-c9a5-6205-08debbeff933
26/01588/PIP	2026-09-09	council	pip	2	2	yes	b	auto		Land Between Clunes And Sundial Bordon Hill Stratford-upon-Avon	Permission in principle for the erection of 2 dwellings with associated works including pedestrian crossing	https://apps.stratford.gov.uk/Eplanningv2/AppDetail/Index/237ab943-a42a-c62a-9c09-08ded108a166
26/00617/PIP	2026-09-10	council	pip	5	5	yes	b	auto		Land Off Jago Green Snitterfield Lane Snitterfield	Permission in principle for proposed residential development for a minimum of 1 dwelling up to a maximum 5 dwellings including pedestrian access to Park Lane	https://apps.stratford.gov.uk/Eplanningv2/AppDetail/Index/aa9dde59-9cff-c42a-4559-08de7ebaa5be
26/00772/PIP	2026-09-10	council	pip	4	4	yes	b	auto		Land South Of Elm Leys Hunt Hall Lane Welford-on-Avon Stratford-upon-Avon	Erection of up to 4 dwellings	https://apps.stratford.gov.uk/Eplanningv2/AppDetail/Index/cbbe2784-1658-c971-e424-08de8a86eb07
26/00918/PIP	2026-09-11	council	pip	9	9	yes	b	auto		Land Off Butts Lane Tanworth-in-Arden	The erection of up to nine houses	https://apps.stratford.gov.uk/Eplanningv2/AppDetail/Index/ac388915-f51c-c846-534c-08de96df9034
26/01920/COUMA	2026-09-14	council	prior-approval	0	0	yes	a	override	room added to an existing home	32 Evesham Road Stratford-upon-Avon	Change of use from commercial room (use class E) to residential (use class C3) to be used as part of the existing dwellinghouse.	https://apps.stratford.gov.uk/Eplanningv2/AppDetail/Index/78856832-a11c-ca3f-28d4-08def12e52c2
26/01704/FUL	2026-09-15	council	full	1	1	yes	a	auto		Sheep Leys Covert Campden Road Clifford Chambers Stratford-upon-Avon	Change of use of former agricultural building to a residential dwelling with associated operational development including provision of parking spaces, new walls and gates at site entrance, wheelie bin store, boundary fencing, landscaping an	https://apps.stratford.gov.uk/Eplanningv2/AppDetail/Index/5d9f7962-82eb-c86d-ab70-08dedcd0012b
26/01885/COUMA	2026-09-15	council	prior-approval	9	9	yes	a	auto		Kinwarton House, The Coach House, And The Piggery Kinwarton Alcester	9.no residential apartments are proposed as part of this application.	https://apps.stratford.gov.uk/Eplanningv2/AppDetail/Index/779ad16d-685d-ccbd-ff93-08def16ddf52
26/01760/REM	2026-09-21	council	reserved-matters	0	0	no	-	auto	reserved matters: homes already permitted in outline	30 The Poplars Bidford-on-Avon Alcester	Reserved Matters application following Outline consent 24/02131/OUT to resolve all outstanding matters, as described within the conditions of consent 24/02131/OUT for one two-storey self-build dwelling.	https://apps.stratford.gov.uk/Eplanningv2/AppDetail/Index/60696fe2-5690-c831-f093-08dee281d051
26/01906/PIP	2026-09-22	council	pip	1	1	yes	b	auto		Forest Farm Welford Road Long Marston Stratford-upon-Avon	Permission in principle for the erection of one dwelling	https://apps.stratford.gov.uk/Eplanningv2/AppDetail/Index/57492042-a67c-c119-4332-08deef0d708e
26/01660/OUT	2026-09-24	council	outline	5	5	yes	a	auto		Land At Windmill Lane Ladbroke	Outline planning application with all matters reserved (except for access) for up to 5 dwellings and associated infrastructure.	https://apps.stratford.gov.uk/Eplanningv2/AppDetail/Index/b375344b-ba73-cd39-013e-08dedc0bbcac
26/01598/REM	2026-09-28	council	reserved-matters	11	0	no	-	auto	reserved matters: homes already permitted in outline	Plot 3 Walton Road Wellesbourne	Proposed erection of a single dwellinghouse on Plot 3 pursant to Outline Planning Permission 22/00182/OUT (some matters reserved) for the phased development of 10 custom build dwellings, formation of new vehicular access from Walton Road an	https://apps.stratford.gov.uk/Eplanningv2/AppDetail/Index/6378302a-2668-c9f8-e01f-08ded36a664f
26/01687/FUL	2026-09-29	council	full	1	1	yes	a	auto		The Old School Stretton-on-Fosse Moreton-in-Marsh	Demolition of existing flat roofed single storey extension and part demolition of rear single storey side wings to existing building, change of use of building to dwelling with internal and external alterations, lifting of roof, and erectio	https://apps.stratford.gov.uk/Eplanningv2/AppDetail/Index/251a42e3-758e-ce31-7828-08dedbff2c41
26/01801/FUL	2026-09-29	council	full	1	1	yes	a	auto		Field To The South Of The Slade The Site Access Is Approximately 1.35km From The Avon Dassett Road In Fenny Compton	Change of use from agricultural to residential (Class C3). Repair and conversion of existing barns and erection of new, linked building to create one self-build dwelling. Associated external works and ground-based solar array, drainage and 	https://apps.stratford.gov.uk/Eplanningv2/AppDetail/Index/630656aa-537e-cfa3-a20a-08dee8949ac5
26/01141/FUL	2026-10-02	council	full	3	3	yes	a	auto		The Hill Warwick Road Stratford-upon-Avon	Conversion and extensions from flat to 3 no. dwellings and associated garages	https://apps.stratford.gov.uk/Eplanningv2/AppDetail/Index/1a8f92ea-73fa-c38a-3464-08deac20d12c
26/02036/COUMA	2026-10-02	council	prior-approval	1	1	yes	a	auto		Greenacres Banbury Road Gaydon Warwick	Proposed Conversion of building (Class E) use to one single storey dwelling, alterations required to provide dwelling house accommodation that will not increase the size or volume of the building.	https://apps.stratford.gov.uk/Eplanningv2/AppDetail/Index/350c5a7a-fac9-ca4a-86a9-08def93c937c
26/01246/REM	2026-10-05	council	reserved-matters	0	0	no	-	auto	reserved matters: homes already permitted in outline	Springfield Farm Rise Bosley Close Shipston-on-Stour	Reserved Matters application pursuant to Outline Planning Permission 25/01153/OUT for matters relating to appearance, landscape, layout and scale.	https://apps.stratford.gov.uk/Eplanningv2/AppDetail/Index/6228e88f-af6b-cc9c-918a-08deb574f3cc
