reference	homes_gross	homes_net	counted	note
25/03097/FUL	3	3	yes	one home by change of use and two new
26/00064/FUL	1	-1	yes	two homes amalgamated into one
26/00501/FUL	1	0	yes	replacement apartment building; number of flats not stated, counted as no net gain
25/00757/FUL	3	3	yes	barns converted to three homes
26/00769/FUL	1	1	yes	offices converted back to a house
26/00851/FUL	1	0	yes	regularises a home permitted under 21/01926/FUL
26/00743/FUL	1	0	yes	revision of 25/02813/FUL
26/01458/FUL	1	0	yes	in lieu of 25/02256
26/00135/FUL	1	0	yes	replaces a barn with permission for conversion to a home
26/01133/FUL	1	0	yes	redevelopment of an existing property into one home
26/00527/FUL	1	1	yes	in lieu of a permitted annexe, so a new home
26/00496/OUT	5	3	yes	demolishes existing houses; taken as two
26/01544/COUG	1	1	yes	upper floors to one flat
26/01920/COUMA	0	0	yes	room added to an existing home
25/03100/FUL	3	0	yes	three homes replace three bungalows; appeal 6008986
25/01061/PIP	1	0	yes	replacement dwelling; appeal 6004872
18/01892/OUT	3100	3100	no	Long Marston Airfield outline, undecided since 2018
20/02315/FUL	124	124	yes	Long Marston Airfield Phase 1A
25/00347/FUL	0	0	yes	access works for 25/00346/OUT; homes counted there
25/02540/FUL	6	6	yes	convent converted to six homes
26/00350/FUL	1	0	yes	same barn as 25/02776/FUL, allowed on appeal 9 June 2026
26/01689/OUT	6	6	yes	six homes including one garage conversion
26/01717/FUL	3	3	yes	three homes on a lawful traveller site
26/01803/FUL	3	2	yes	one replacement and two additional homes
26/01937/FUL	3	0	yes	in place of Class Q prior approval 25/01126/COUQ; net gain not known, counted as none
26/02016/FUL	1	0	yes	in lieu of an existing lawful dwelling
26/02030/FUL	6	4	yes	one replacement, and one taken as in lieu of prior approval 25/02463/COUQ
26/02296/FUL	1	1	yes	outbuilding converted to a separate home
26/02155/FUL	1	1	yes	former school converted to one home
26/01935/FUL	1	1	yes	on the foundations of a demolished dwelling
25/03083/PIP	1	1	yes	number not stated; counted as one
26/02033/COUMA	1	1	yes	number not stated; counted as one
25/01134/FUL	0	0	yes	former student accommodation to residential use; number of homes not stated
25/02584/FUL	32	32	no	32 holiday lodges to permanent residential occupation
