case_id	date	place_lpa	outcome	verdict	reason	para	quote
PINS-6003226	2026-09-29	Flat 4, 99 Kennington Park Road, Southwark (LBC) / Southwark	dismissed	correct	applies 2026 Framework [parties consulted]		
PINS-6004934	2026-09-25	105 Wellburn Road, Donwell, Washington (hair salon) / Sunderland	allowed	correct	applies 2026 Framework [not consulted]; appeal planning officer		
PINS-6005682	2026-08-17	Unit 9 Latimer Industrial Estate, Latimer Road (7 flats) / Kensington and Chelsea	allowed	differs-2024	2024 ¶125(c) brownfield wording operative, decided on publication day with no 2026 reference; allowed (plan-led)	¶56	In the context of paragraph 125 of the Framework, substantial weight should be given to the value of using suitable brownfield land within settlements for homes and other identified needs
PINS-6006023	2026-08-19	Grove House, Town Lane, Mobberley (planning) / Cheshire East	dismissed	correct	applies 2026 Framework [not consulted]		
PINS-6006825	2026-09-25	Land rear of Pets Pantry, Guildford Road, Cranleigh / Waverley	dismissed	correct	applies 2026 Framework [parties consulted]		
PINS-6007352	2026-09-30	Land east of New Road, Melksham (2 self-build) / Wiltshire	dismissed	correct	applies 2026 Framework [no switch paragraph]		
PINS-6007484	2026-09-23	Boltons Farm, Blackgate Lane, Tarleton (PIP 6-9) / West Lancashire	allowed	correct	applies 2026 Framework [parties consulted]; 2024 urban/rural transport wording in the TR3 reasoning (see issue 5)		
PINS-6007677	2026-09-30	Land opposite Nash Cottage, Ashford Road, Brenzett / Folkestone and Hythe	dismissed	correct	applies 2026 Framework [parties consulted]		
PINS-6008107	2026-09-28	Dane Cottage, Hogg Lane, Petham (porch LBC) / Canterbury	dismissed	correct	applies 2026 Framework [parties consulted]		
PINS-6008494	2026-09-08	28 Main Street, Lyddington (planning) / Rutland	allowed	correct	applies 2026 Framework [not consulted]		
PINS-6008773	2026-09-29	Land adjoining The Ridings, Singleborough (PIP 1) / Buckinghamshire	dismissed	correct	applies 2026 Framework [parties consulted]		
PINS-6008970	2026-09-23	Outmarsh Farm, Semington (worker caravan) / Wiltshire	dismissed	correct	applies 2026 Framework [parties consulted]		
PINS-6009092	2026-09-24	79 Main Street, Seamer (garage, planning) / North Yorkshire	dismissed	correct	applies 2026 Framework [parties consulted]		
PINS-6009487	2026-09-25	Serif House, 10 Dudley Street, Luton (4 flats) / Luton	dismissed	correct	applies 2026 Framework [parties consulted]		
PINS-6009635	2026-09-30	Stratton House Hotel, Stratton (spa LBC) / Cotswold	allowed	correct	applies 2026 Framework [not consulted]		
PINS-6009808	2026-09-25	58 and 60 Waverley Road, St Albans (4 dwellings) / St Albans	dismissed	correct	applies 2026 Framework [parties consulted]; S3/S4 miscited as P3/P4		
PINS-6009988	2026-09-29	56 Burlington Road, New Malden (7 flats) / Kingston upon Thames	dismissed	correct	applies 2026 Framework [parties consulted]		
PINS-6010198	2026-09-24	Rusper, Nottingham Road, Heronsgate (replacement) / Three Rivers	allowed	correct	applies 2026 Framework [parties consulted]; appellant's 2024 ¶154(d)/(g) case mapped to GB7(1)(b)/(e)		
PINS-6010349	2026-09-24	5 Silverwood Road, Peterborough (annexe to flat) / Peterborough	dismissed	correct	applies 2026 Framework [not consulted]		
PINS-6010508	2026-09-29	60 Langdale Road, Nottingham (house subdivision) / Nottingham	dismissed	correct	applies 2026 Framework [parties consulted]		
PINS-6010706	2026-09-30	Sleepy Corner, Stibb Cross (footway condition) / Torridge	allowed	correct	applies 2026 Framework [parties consulted]		
PINS-6010838	2026-09-14	Denmark Hill, outside No 124 (BT Street Hub) / Lambeth	allowed	correct	applies 2026 Framework [parties consulted]		
PINS-6011050	2026-09-28	25 Gloucester Circus, Greenwich (LBC) / Greenwich	dismissed	correct	applies 2026 Framework [parties consulted]		
PINS-6011290	2026-09-23	115 North Road, Darlington (roller shutters) / Darlington	allowed	correct	applies 2026 Framework [parties consulted]		
PINS-6011888	2026-09-25	Heather Lodge, 2 Old Acre Lane, Brocton / Stafford	dismissed	correct	applies 2026 Framework [parties consulted]		
PINS-6012293	2026-09-24	South Barn, Elworthy Farm, Greenham / Somerset	dismissed	correct	applies 2026 Framework [parties consulted]		
